date,trailing_pe
2016-01-01,36.42688893526616
2016-01-04,35.93378664405223
2016-01-05,36.69643656059081
2016-01-06,36.47950812421358
2016-01-07,35.69431942049364
2016-01-08,35.23343634457242
2016-01-11,35.4670432224812
2016-01-12,35.26798954223721
2016-01-13,34.76004081865752
2016-01-14,34.832603919348315
2016-01-15,34.3849512169762
2016-01-18,34.3849512169762
2016-01-19,34.63009008236073
2016-01-20,33.61703699499654
2016-01-21,34.366463210539635
2016-01-22,35.226687600162144
2016-01-25,34.74612199231605
2016-01-26,35.47282317497002
2016-01-27,34.90425226176119
2016-01-28,34.5085074371577
2016-01-29,35.2012443053874
2016-02-01,35.331429754031404
2016-02-02,34.85941141746549
2016-02-03,35.06581211774626
2016-02-04,35.24438266082933
2016-02-05,34.28888991433961
2016-02-08,33.245133206629404
2016-02-09,32.83172646517889
2016-02-10,32.96599380141109
2016-02-11,32.478948698441414
2016-02-12,32.961182773877056
2016-02-15,33.064807636991084
2016-02-16,33.61238146135006
2016-02-17,34.023910905798544
2016-02-18,34.29996775735563
2016-02-19,34.32128952995865
2016-02-22,34.77901866384108
2016-02-23,34.69649175839636
2016-02-24,34.665924602872764
2016-02-25,35.24789406660284
2016-02-26,35.13204684045516
2016-02-29,35.065956579292234
2016-03-01,35.796826666272004
2016-03-02,36.06506962714592
2016-03-03,36.18541789800384
2016-03-04,36.31794023864492
2016-03-07,36.35337935726812
2016-03-08,35.960862196455984
2016-03-15,36.71657216467548
2016-03-16,37.0365744694232
2016-03-17,37.65633913427212
2016-03-18,37.54763587124173
2016-03-21,37.2276522601127
2016-03-22,37.2269945015776
2016-03-23,37.03829598750511
2016-03-24,37.04202766937752
2016-03-25,37.10473228031317
2016-03-28,37.47383736486943
2016-03-29,38.14923119698253
2016-03-30,38.017745312245175
2016-03-31,30.28237505334716
2016-04-01,30.338868797480032
2016-04-04,30.25910777208098
2016-04-05,30.037979388803077
2016-04-06,30.28571727005313
2016-04-07,30.042029336789952
2016-04-08,30.14741529483831
2016-04-11,29.953407541716945
2016-04-12,30.14285907936372
2016-04-13,30.06866297342684
2016-04-14,29.812628246396145
2016-04-15,30.22140748090226
2016-04-19,30.44183744835944
2016-04-20,29.84921881148244
2016-04-21,29.36039067327044
2016-04-22,29.780419685139297
2016-04-25,29.854206626840348
2016-04-26,29.839261930982307
2016-05-06,30.735441409042245
2016-05-11,30.259270160402377
2016-05-12,30.34281098301733
2016-05-13,30.10450890871918
2016-05-16,30.480498775040783
2016-05-17,29.92333441126187
2016-05-18,29.575382782047377
2016-05-19,29.882832112506694
2016-05-20,30.12584339110663
2016-05-23,30.19462363773163
2016-05-24,30.48979033738025
2016-05-25,30.55275665817864
2016-05-26,30.56373895686953
2016-05-27,30.595682663338184
2016-05-30,30.619992873842733
2016-05-31,30.68003270192187
2016-06-01,30.386070484298944
2016-06-02,30.428573940100947
2016-06-03,30.592331858034388
2016-06-06,30.30790081201926
2016-06-07,30.489990434355835
2016-06-08,30.91073320068998
2016-06-09,30.91293095489924
2016-06-10,30.781091077620253
2016-06-13,30.756353034343256
2016-06-14,30.69253922249989
2016-06-15,31.027578282588877
2016-06-16,31.23869006361084
2016-06-17,30.99375278998957
2016-06-20,31.057960513989048
2016-06-21,31.19705517949899
2016-06-22,31.31752459688556
2016-06-23,31.50137884134129
2016-06-24,30.91408667711809
2016-06-27,30.99412652791447
2016-06-28,31.702337032045623
2016-06-29,32.212416333170275
2016-06-30,32.31232313615542
2016-07-01,32.35605651247157
2016-07-04,32.32293256047742
2016-07-05,32.59328115178706
2016-07-06,32.393716308921974
2016-07-07,32.21529928646385
2016-07-08,32.80587259978751
2016-07-11,32.88997741708798
2016-07-12,32.9843677317189
2016-07-13,32.94387372211423
2016-07-14,32.73848680486616
2016-07-15,32.688484487601315
2016-07-18,32.742199331923004
2016-07-19,32.94200423254248
2016-07-20,32.85937352328647
2016-07-21,32.86832195258181
2016-07-22,33.16377718768637
2016-07-25,33.05026165072831
2016-07-26,32.89743250891862
2016-07-27,32.19614350996382
2016-07-28,32.4726637048737
2016-07-29,33.26540472613113
2016-08-01,33.34798344488233
2016-08-02,32.80897876029071
2016-08-03,32.42872779984166
2016-08-04,32.39065758388984
2016-08-05,32.62366066281233
2016-08-08,32.78533865285001
2016-08-09,32.92959796034044
2016-08-10,32.38822712517924
2016-08-11,32.02289272566205
2016-08-12,32.23446235081779
2016-08-15,32.302274131533274
2016-08-16,31.943273247439404
2016-08-17,31.994251816813115
2016-08-18,31.893002992372907
2016-08-19,31.688347480084488
2016-08-22,31.814287136256
2016-08-23,31.79981621532318
2016-08-24,31.702012897318664
2016-08-25,31.9131274570223
2016-08-26,31.481299167805616
2016-08-29,31.77931706087066
2016-08-30,31.7778340275068
2016-08-31,31.790200930247213
2016-09-01,31.73543893875027
2016-09-02,31.953352475515278
2016-09-05,31.953352475515278
2016-09-06,32.20868663781229
2016-09-07,32.481094569625434
2016-09-08,31.94739622228024
2016-09-09,30.883048601870605
2016-09-12,31.3124045186882
2016-09-13,30.43660847763164
2016-09-14,30.544662270612985
2016-09-15,30.609253699514028
2016-09-16,30.57059273037191
2016-09-19,30.855172631591056
2016-09-20,30.936419651256937
2016-09-21,31.243193254046343
2016-09-22,31.49583635462668
2016-09-23,31.85782651683632
2016-09-26,31.872785547480568
2016-09-27,31.74134404540804
2016-09-28,31.93561684933668
2016-09-29,31.449966404659072
2016-09-30,30.378849619730968
2016-10-03,29.807055123548636
2016-10-04,29.420669656433613
2016-10-05,28.793210284353645
2016-10-06,28.814929184736428
2016-10-07,28.735978510799075
2016-10-10,28.84551643118671
2016-10-11,28.613219333948184
2016-10-12,29.10797381368324
2016-10-13,29.0828226670253
2016-10-14,29.107601060901743
2016-10-17,29.17456801911837
2016-10-18,29.268925116130053
2016-10-19,29.364918970630928
2016-10-20,29.32811674660779
2016-10-21,29.27896080328485
2016-10-24,29.31444419184944
2016-10-25,29.21525217884236
2016-10-26,29.128651030206832
2016-10-27,28.29470885275239
2016-10-28,28.349577690841908
2016-10-31,28.864028447777788
2016-11-01,28.20544678409696
2016-11-02,27.87582162795075
2016-11-03,27.69862389322795
2016-11-04,27.821646187874183
2016-11-07,28.198765241547324
2016-11-08,28.51819534184548
2016-11-09,27.933909780329724
2016-11-10,27.46650076897644
2016-11-11,27.43792902482212
2016-11-14,28.059774991670384
2016-11-15,27.582795701121583
2016-11-16,27.80278163556701
2016-11-17,27.476794686103137
2016-11-18,27.554866171377057
2016-11-21,27.50753019306454
2016-11-22,28.014798753662188
2016-11-23,27.791459178708955
2016-11-25,27.90203942958955
2016-11-29,28.20628947560522
2016-11-30,27.91296483181888
2016-12-01,27.531794426338845
2016-12-02,27.77028754821887
2016-12-05,28.02837773218489
2016-12-06,28.166271215884
2016-12-07,28.66381675644773
2016-12-08,28.835246821241
2016-12-09,28.838855998924437
2016-12-12,29.019714516157656
2016-12-13,29.17088136371455
2016-12-14,28.69553199193592
2016-12-15,28.511966446814476
2016-12-16,28.84396819514573
2016-12-19,28.96649021586642
2016-12-20,29.08603771336675
2016-12-21,28.663030108037816
2016-12-22,28.624031846362183
2016-12-23,28.697347000980795
2016-12-26,28.719488577026198
2016-12-27,28.824455733516764
2016-12-28,28.564226059586964
2016-12-29,28.81746319218016
2016-12-30,29.10472309615466
2017-01-02,28.12796243500041
2017-01-03,28.138248019660917
2017-01-04,28.54462794038553
2017-01-05,28.728988601737598
2017-01-06,28.751504796218825
2017-01-09,28.471241890482062
2017-01-10,28.197227240463764
2017-01-11,28.003699171277887
2017-01-12,28.205481261752844
2017-01-13,28.049171443432527
2017-01-16,28.097647345518578
2017-01-17,28.251321003025264
2017-01-18,28.37960204556905
2017-01-19,28.103318168167963
2017-01-20,28.28846339815359
2017-01-23,28.369093331676023
2017-01-24,28.339516041097045
2017-01-25,28.27180891963985
2017-01-26,28.258403207943644
2017-01-27,28.020222878054167
2017-01-30,27.84134422036229
2017-01-31,28.06706480687968
2017-02-01,27.750952512384504
2017-02-02,28.14042370576127
2017-02-03,28.195357617676876
2017-02-06,28.165105104475703
2017-02-07,28.026796029830475
2017-02-08,28.30574305441821
2017-02-09,28.378205412897625
2017-02-10,28.604176478128377
2017-02-13,28.63985657752978
2017-02-14,28.592367463559007
2017-02-15,28.44323513072216
2017-02-16,28.62277276560709
2017-02-17,28.64149932546659
2017-02-20,28.67581858083097
2017-02-21,29.07286343605896
2017-02-22,28.91265726358604
2017-02-23,29.13876944230277
2017-02-24,29.240679856782137
2017-02-27,29.441835913066985
2017-02-28,29.33503552874487
2017-03-01,29.304321260387887
2017-03-02,29.29329170222392
2017-03-03,29.229834224019264
2017-03-06,29.23866728503361
2017-03-07,29.157978469456516
2017-03-08,28.8300139816982
2017-03-09,28.30737198758957
2017-03-10,28.31610406208759
2017-03-13,28.36364462200853
2017-03-14,28.28750925161232
2017-03-15,28.86702457936375
2017-03-16,28.77611259492639
2017-03-17,28.786078367013676
2017-03-20,29.61633097725757
2017-03-21,29.596482279939675
2017-03-22,29.67987081536635
2017-03-23,29.85757184747465
2017-03-24,29.861875525239476
2017-03-27,29.73090452115945
2017-03-28,29.96440598029436
2017-03-29,29.988356885566915
2017-03-30,30.08179360080827
2017-03-31,36.86865571191616
2017-04-03,36.88460061703417
2017-04-04,36.75819000940041
2017-04-05,36.88503214182194
2017-04-06,37.0165227654106
2017-04-07,37.105209327046886
2017-04-10,37.379989055777
2017-04-11,37.53068082602664
2017-04-12,37.45617628745196
2017-04-13,37.3768092990904
2017-04-14,37.39058476864651
2017-04-17,37.82240506862203
2017-04-18,37.90700031570113
2017-04-19,37.83536158158712
2017-04-20,37.84513517853701
2017-04-21,37.64362776020855
2017-04-24,37.335158184287
2017-04-25,37.396939091440174
2017-04-26,37.10814135029999
2017-04-27,37.14552050707145
2017-04-28,36.8345942388338
2017-05-01,37.14694306270171
2017-05-02,37.16579232676517
2017-05-03,36.71763599638432
2017-05-04,36.77608411114093
2017-05-05,37.05349147478683
2017-05-08,36.86100215449494
2017-05-09,36.70820499847802
2017-05-10,36.89828024515208
2017-05-11,36.69934059167705
2017-05-12,36.58336700024698
2017-05-15,36.71003508518973
2017-05-16,36.53610762996514
2017-05-17,36.76912341865971
2017-05-18,36.82693026378916
2017-05-19,37.05476758022288
2017-05-22,37.12394701728038
2017-05-23,37.16186617517549
2017-05-24,37.39946509053873
2017-05-25,37.53648481487596
2017-05-26,37.33447658419512
2017-05-29,37.334428724375
2017-05-30,37.23676424022934
2017-05-31,37.181072988905335
2017-06-01,37.298806510835306
2017-06-02,37.6302992859306
2017-06-05,37.50525015563616
2017-06-06,37.28949482331265
2017-06-07,37.476984217231454
2017-06-08,37.33074188678787
2017-06-09,37.46269674545208
2017-06-12,37.62496403246764
2017-06-13,37.69537610965268
2017-06-14,37.81552003829495
2017-06-15,37.98277393089112
2017-06-16,37.943312529029775
2017-06-19,38.05640252126729
2017-06-20,37.98264793212462
2017-06-21,37.89453902301839
2017-06-22,37.9179849965876
2017-06-23,38.06032893952032
2017-06-26,38.23288883561956
2017-06-27,38.10508538480664
2017-06-28,38.092712585399184
2017-06-29,37.69357811483204
2017-06-30,37.93654191118865
2017-07-03,38.38019316253324
2017-07-04,38.26197858897781
2017-07-05,37.82585188360132
2017-07-06,37.13293319158132
2017-07-07,37.38843402490598
2017-07-10,37.071086838028
2017-07-11,37.00432045950505
2017-07-12,37.494535866416605
2017-07-13,37.543078504486736
2017-07-14,37.91785332210962
2017-07-17,37.983717970503
2017-07-18,37.86169116657454
2017-07-19,38.02034551657246
2017-07-20,37.923682934012106
2017-07-21,38.03192289168417
2017-07-24,38.11380503710039
2017-07-25,38.11061183490685
2017-07-26,38.41094217479204
2017-07-27,38.33104536241037
2017-07-28,38.33279930861733
2017-07-31,38.298938686991576
2017-08-01,38.47150229585901
2017-08-02,38.34844027040288
2017-08-03,38.24849178040592
2017-08-04,38.34279381568992
2017-08-07,38.33580810393662
2017-08-08,38.11355458428966
2017-08-09,38.20346156573992
2017-08-10,37.85799725814719
2017-08-11,37.63327321469526
2017-08-14,38.27102219247548
2017-08-15,38.19126189395369
2017-08-16,38.29670750963028
2017-08-17,38.03307454164549
2017-08-18,37.75800412809816
2017-08-21,38.14983253315729
2017-08-22,38.14027636660187
2017-08-23,38.51252028917472
2017-08-24,38.48140309059006
2017-08-25,38.62932787968621
2017-08-28,38.48602209682882
2017-08-29,38.45527502093917
2017-08-30,38.6376460407873
2017-08-31,38.85419489568255
2017-09-01,39.963552593037335
2017-09-04,38.80609944080499
2017-09-05,39.95598857789396
2017-09-06,39.98045903682325
2017-09-07,40.29795500178098
2017-09-08,40.30434419161016
2017-09-11,40.58992029624423
2017-09-12,40.12657015865533
2017-09-13,39.95021747247071
2017-09-14,40.16113096233155
2017-09-15,40.28947759980482
2017-09-18,40.182232332193486
2017-09-19,39.779042595441695
2017-09-20,39.66336092483624
2017-09-21,39.570756393942666
2017-09-22,39.25635327302083
2017-09-25,39.36344293769167
2017-09-26,39.40616737915785
2017-09-27,39.09616889502838
2017-09-28,39.32115703773282
2017-09-29,39.3767183145882
2017-10-02,37.28915802850608
2017-10-03,37.24404358364355
2017-10-04,37.55200680069578
2017-10-05,37.66135322596528
2017-10-06,37.59697459249634
2017-10-09,36.733194308448326
2017-10-10,37.73148108620364
2017-10-11,37.94290064922952
2017-10-12,38.23417538175707
2017-10-13,38.32037874892664
2017-10-16,38.15980128399256
2017-10-17,38.15309473147218
2017-10-18,38.100474990922486
2017-10-19,38.09224740641034
2017-10-20,38.06484629344462
2017-10-23,37.89455951168236
2017-10-24,37.6845290918885
2017-10-25,37.59600044641094
2017-10-26,37.39074456408746
2017-10-27,37.49175449094372
2017-10-30,37.74787896082436
2017-10-31,37.87577143286508
2017-11-01,37.837144928810886
2017-11-02,38.144323631458434
2017-11-03,38.12299172275927
2017-11-06,38.76126676235168
2017-11-07,39.003765552948096
2017-11-08,39.33038027985999
2017-11-09,39.30200479789988
2017-11-10,39.27819885005253
2017-11-13,39.3285213455008
2017-11-14,39.26591331267805
2017-11-15,38.9303779664475
2017-11-16,39.08422528277249
2017-11-17,38.86019096675847
2017-11-20,38.75232529898723
2017-11-21,38.97659154402212
2017-11-22,37.78640943127422
2017-11-24,38.98438100156414
2017-11-27,38.88536376892085
2017-11-28,38.76992722192135
2017-11-29,38.66633996189159
2017-11-30,38.702648637529606
2017-12-01,38.76653241108304
2017-12-04,38.21367464887733
2017-12-05,38.0744376869439
2017-12-06,38.14949003196924
2017-12-07,38.28577621894331
2017-12-08,38.37565710229035
2017-12-11,38.46760013162267
2017-12-12,38.61851679057643
2017-12-13,38.6213530731427
2017-12-14,38.59699701740971
2017-12-15,38.72070514201895
2017-12-18,38.841104177439725
2017-12-19,38.097435107372895
2017-12-20,37.69167631547254
2017-12-21,37.55418830635372
2017-12-22,37.8329007227473
2017-12-25,36.045698011563
2017-12-26,38.01716490970967
2017-12-27,38.17503522311996
2017-12-28,38.35964971018906
2017-12-29,38.3233661506614
2018-01-01,39.14151218003539
2018-01-02,39.90439890648824
2018-01-03,39.95968674909414
2018-01-04,39.28997974004506
2018-01-05,39.38840170414628
2018-01-08,39.64304799443656
2018-01-09,39.21597231893784
2018-01-10,38.58771503274565
2018-01-11,38.328907702041406
2018-01-12,38.045497552720455
2018-01-15,37.08919092845695
2018-01-16,38.2763161253619
2018-01-17,38.54836193613247
2018-01-18,38.18416087423694
2018-01-19,38.45116479927418
2018-01-22,38.81357045203652
2018-01-23,39.38288535603378
2018-01-24,39.25823697820841
2018-01-25,39.18232893282298
2018-01-26,39.30160475201303
2018-01-29,38.8355365212818
2018-01-30,38.682151227636346
2018-01-31,39.509956961117766
2018-02-01,38.745440542807145
2018-02-02,38.33591470129191
2018-02-05,37.3195843336382
2018-02-06,37.25568783894967
2018-02-07,37.07080654168092
2018-02-08,35.886874376430995
2018-02-09,36.74272602383184
2018-02-12,36.84211760392433
2018-02-13,37.05640641436309
2018-02-14,36.86137656398051
2018-02-15,37.17751971194644
2018-02-16,37.41244772135144
2018-02-19,36.32425759937741
2018-02-20,37.03142278705753
2018-02-21,36.389096128513664
2018-02-22,36.80879793545815
2018-02-23,37.44336309832191
2018-02-26,37.59835109431058
2018-02-27,36.81390019684319
2018-02-28,36.7616660683497
2018-03-01,36.52085392637308
2018-03-02,36.38265683263824
2018-03-05,36.88728627309119
2018-03-06,37.03566354093246
2018-03-07,37.23094515201426
2018-03-08,37.49047157065431
2018-03-09,37.77679728148297
2018-03-12,37.946464219345614
2018-03-13,38.06454392649971
2018-03-14,38.09106460542132
2018-03-15,38.05384208145743
2018-03-16,38.24360469492147
2018-03-19,37.96028487527096
2018-03-20,37.97399872604997
2018-03-21,37.60998399499596
2018-03-22,37.4702665616361
2018-03-23,36.87985205230428
2018-03-26,37.4084208653056
2018-03-27,37.47702343933568
2018-03-28,38.11623623615228
2018-03-29,36.96175307509974
2018-03-30,36.99577276769517
2018-04-02,35.872270829278754
2018-04-03,35.98456033145275
2018-04-04,36.43637924601983
2018-04-05,36.47424176073254
2018-04-06,36.132816017700485
2018-04-09,36.11581292459459
2018-04-10,35.82622896365457
2018-04-11,35.91229077406063
2018-04-12,35.502734897476664
2018-04-13,35.69003572462322
2018-04-16,35.838272874319735
2018-04-17,36.31262148022529
2018-04-18,36.23635116682147
2018-04-19,35.621169165238456
2018-04-20,35.327196499239015
2018-04-23,35.39301784866942
2018-04-24,35.44222195362231
2018-04-25,35.30715212961173
2018-04-26,35.736293725688775
2018-04-27,36.19064227945047
2018-04-30,36.04127826395772
2018-05-01,36.27526592321841
2018-05-02,35.19949043252212
2018-05-03,35.26705223770486
2018-05-04,35.53506711935758
2018-05-07,36.53992827903291
2018-05-08,36.283103873415946
2018-05-09,36.53670568881201
2018-05-10,36.90839125628094
2018-05-11,36.71564039277983
2018-05-14,36.45629037326085
2018-05-15,35.848200543242214
2018-05-16,35.70005212200351
2018-05-17,35.52203839346334
2018-05-18,35.56708630719324
2018-05-21,35.93942957052154
2018-05-22,35.98019785685268
2018-05-23,36.27035218445847
2018-05-24,36.123231375518245
2018-05-25,36.286191790494456
2018-05-28,35.32477352674906
2018-05-29,36.38128908555999
2018-05-30,36.87703226511079
2018-05-31,36.75477400938974
2018-06-01,36.89381707042661
2018-06-04,37.269359313743074
2018-06-05,37.08597685463702
2018-06-06,37.20152391179546
2018-06-07,37.14201985167328
2018-06-08,37.31778352800646
2018-06-11,37.28023167759108
2018-06-12,37.49465844729607
2018-06-13,36.60958496027603
2018-06-14,36.905549200416814
2018-06-15,36.84924520299688
2018-06-18,36.79144985626376
2018-06-19,36.84339932301013
2018-06-20,37.23251767293013
2018-06-21,37.465588106385326
2018-06-22,37.76669116996019
2018-06-25,37.69692157952604
2018-06-26,37.90719804079245
2018-06-27,37.79447376942858
2018-06-28,38.11917139632726
2018-06-29,38.18115442075391
2018-07-02,36.56647478846499
2018-07-03,36.73077555345777
2018-07-05,37.250555589932
2018-07-06,37.402316073706416
2018-07-09,37.044444104037005
2018-07-10,37.23671398115563
2018-07-11,37.10762405755584
2018-07-12,37.1821534026598
2018-07-13,37.0764756222481
2018-07-16,36.85455542957499
2018-07-17,36.63800548140703
2018-07-18,36.47885650642081
2018-07-19,36.83491395597744
2018-07-20,36.48592902365768
2018-07-23,36.38197570832607
2018-07-24,36.28053630851953
2018-07-25,36.61446759829821
2018-07-26,36.74093810714884
2018-07-30,36.40027106497916
2018-08-01,37.37489686765697
2018-08-02,37.14474657033849
2018-08-03,37.619295707894175
2018-08-06,36.49999523564518
2018-08-07,37.44455138026424
2018-08-08,37.24224697419865
2018-08-09,37.29811886676804
2018-08-10,36.910810276285055
2018-08-13,36.92411062353387
2018-08-14,37.047196911551325
2018-08-15,37.37061166675661
2018-08-16,37.643798545722895
2018-08-17,38.01109287409873
2018-08-20,38.03500585419755
2018-08-21,37.68549335193639
2018-08-22,37.05193671191507
2018-08-23,36.96797592906039
2018-08-24,37.2067135837653
2018-08-27,37.170491220823735
2018-08-28,37.622390916737146
2018-08-29,37.578936730980985
2018-08-30,37.36698641462203
2018-08-31,37.52411974678123
2018-09-04,37.20113499913272
2018-09-05,37.4172957764445
2018-09-06,37.53327903747283
2018-09-07,37.06880039187767
2018-09-10,37.27014481328736
2018-09-11,37.237030990117
2018-09-12,37.28252565177093
2018-09-13,37.46375708807908
2018-09-14,37.128775836826
2018-09-17,37.29389459212372
2018-09-18,37.081494343690885
2018-09-19,36.755850607845176
2018-09-20,37.03235084198809
2018-09-21,36.97069942378142
2018-09-24,36.27699844212198
2018-09-25,36.22639535859921
2018-09-26,35.81427369194603
2018-09-27,35.85967249951355
2018-09-28,36.30894110648321
2018-10-01,36.10786612504562
2018-10-02,36.00590500141
2018-10-03,35.6509946012598
2018-10-04,35.42489098460317
2018-10-05,35.42152508740101
2018-10-08,35.90966339576182
2018-10-09,36.01574113755518
2018-10-10,35.43498382231447
2018-10-11,34.41552687779003
2018-10-12,34.40282500945193
2018-10-15,34.57857575970477
2018-10-16,35.22570476442072
2018-10-17,35.13824039979341
2018-10-18,35.13357554912173
2018-10-19,35.47986281936913
2018-10-22,34.98475510304272
2018-10-23,35.23079627512662
2018-10-24,35.63231909068338
2018-10-25,36.06173629032862
2018-10-26,35.10392606937509
2018-10-29,35.6440169094919
2018-10-30,36.27122460089085
2018-10-31,34.64094403803295
2018-11-01,34.78000905895169
2018-11-02,34.437747861276065
2018-11-05,35.032007155807975
2018-11-06,35.20404680709393
2018-11-07,35.589334339786134
2018-11-08,35.61874735913904
2018-11-09,35.669657461529525
2018-11-12,35.748855056758735
2018-11-13,35.79223548551258
2018-11-14,35.8342327707836
2018-11-15,35.514247790583894
2018-11-16,36.00419432238635
2018-11-19,36.14269077172019
2018-11-20,35.631561055568696
2018-11-21,35.56176145199952
2018-11-23,35.480568444866655
2018-11-26,35.55677007892716
2018-11-27,35.771598149829025
2018-11-28,36.079954013669806
2018-11-29,36.12331067004698
2018-11-30,36.460411827159184
2018-12-03,36.602249162032535
2018-12-04,35.95722012228799
2018-12-06,38.299060544366576
2018-12-07,37.74241936426241
2018-12-10,37.58016799783496
2018-12-11,37.62487862527276
2018-12-12,36.92963674602494
2018-12-13,37.15159369323826
2018-12-14,37.07237811111531
2018-12-17,35.69424529449965
2018-12-18,36.03905449982511
2018-12-19,35.71267921473843
2018-12-20,35.26507320487063
2018-12-21,34.72273488945441
2018-12-24,33.45853908141647
2018-12-26,34.53728422605125
2018-12-27,34.63153801968465
2018-12-28,34.71319935784699
2018-12-31,33.022451020906914
2019-01-02,32.28394226842715
2019-01-03,32.42277014240427
2019-01-04,32.75824164087341
2019-01-07,33.00514221260843
2019-01-08,33.57525055569476
2019-01-09,33.413893890318555
2019-01-10,33.93153338877602
2019-01-11,34.00245924120551
2019-01-14,33.90175657725292
2019-01-15,34.25565375162479
2019-01-16,34.43772947669379
2019-01-17,34.59597865551493
2019-01-18,34.70081797595053
2019-01-22,34.64882440903357
2019-01-23,34.678126702798764
2019-01-24,34.82923644041769
2019-01-25,35.219675898624025
2019-01-28,35.55790298344179
2019-01-29,35.84364675115248
2019-01-30,36.14257480860912
2019-01-31,36.4954221679949
2019-02-01,36.24726707969261
2019-02-04,36.47565795684994
2019-02-05,36.70709435572414
2019-02-06,36.42526596107388
2019-02-07,36.71125258418225
2019-02-08,36.75560523140775
2019-02-11,36.85480179228265
2019-02-12,36.60645883483065
2019-02-13,36.818248026660136
2019-02-14,37.00199151885292
2019-02-15,37.19638339669559
2019-02-19,37.229047388468594
2019-02-20,36.98553434831117
2019-02-21,37.02387214686614
2019-02-22,37.24246489089287
2019-02-25,36.94435535269603
2019-02-26,36.86410268228752
2019-02-27,36.72357627180568
2019-02-28,36.84293370213862
2019-03-01,36.80933888904691
2019-03-04,36.95027258720732
2019-03-05,37.04361927652758
2019-03-06,36.96335562832
2019-03-07,36.93828671388543
2019-03-08,36.98474214998618
2019-03-11,37.55798824895912
2019-03-12,37.72606402522235
2019-03-13,37.92595149628842
2019-03-14,37.93955908136691
2019-03-15,37.80453796346325
2019-03-18,37.70941343842701
2019-03-19,37.6106573727757
2019-03-20,37.76978635762221
2019-03-21,38.43295139072957
2019-03-22,38.24351414656672
2019-03-25,38.26915877063579
2019-03-26,38.52066020541507
2019-03-27,38.39306492284144
2019-03-28,38.66945880835889
2019-03-29,38.6477844224052
2019-04-01,39.86428198646642
2019-04-02,40.21606705149384
2019-04-03,40.168991812755486
2019-04-04,40.05416597877917
2019-04-05,40.36229447091639
2019-04-08,40.16551622452505
2019-04-09,40.05437260555118
2019-04-10,40.33641162255337
2019-04-11,40.294777542886216
2019-04-12,40.51586213727052
2019-04-15,40.27191321635711
2019-04-16,39.326687982989554
2019-04-17,38.948853906487486
2019-04-18,39.26859993434983
2019-04-22,38.82817763036968
2019-04-23,39.2504503143645
2019-04-24,39.55182682715785
2019-04-25,39.47120842473545
2019-04-26,39.74241038770282
2019-04-29,39.33344581578741
2019-04-30,39.804074203286206
2019-05-01,39.81180781498238
2019-05-02,39.8726966349796
2019-05-03,40.14459108003625
2019-05-06,39.983498065112016
2019-05-07,39.27763557923286
2019-05-08,39.30637286772532
2019-05-09,39.427966299163664
2019-05-10,39.88471015013215
2019-05-13,39.87587644782272
2019-05-14,40.02635440083535
2019-05-15,40.28148950060482
2019-05-16,40.48737097620714
2019-05-17,40.40714387653883
2019-05-20,39.74553582621654
2019-05-21,40.06669840309674
2019-05-22,40.238873502907126
2019-05-23,40.44232402697784
2019-05-24,40.49575534140184
2019-05-28,40.04371058892128
2019-05-29,39.59141513851274
2019-05-30,39.66594812302384
2019-05-31,40.17419986827432
2019-06-03,40.34852952492557
2019-06-04,40.13482118303111
2019-06-05,41.074998403120254
2019-06-06,41.12293502466832
2019-06-07,41.247649881818816
2019-06-10,41.129093491032606
2019-06-11,41.20696357478552
2019-06-12,41.21616035230869
2019-06-13,41.46820673161932
2019-06-14,41.474562174715615
2019-06-17,41.94318500128236
2019-06-18,41.81783306625291
2019-06-19,42.10495027497143
2019-06-20,42.31869716557944
2019-06-21,41.86234543657153
2019-06-24,41.72229840926567
2019-06-25,41.15735892988324
2019-06-26,40.363591646805126
2019-06-27,40.657576016081336
2019-06-28,40.7659363303782
2019-07-01,35.87116552432207
2019-07-02,36.5334590485085
2019-07-03,37.04205433407453
2019-07-05,36.86847225728393
2019-07-08,36.997633743442606
2019-07-09,37.19151834787811
2019-07-10,37.38542855989916
2019-07-11,36.93327198432778
2019-07-12,36.77587275574757
2019-07-15,36.84354625239875
2019-07-16,36.77038961795061
2019-07-17,36.612060409544
2019-07-18,36.53427901132467
2019-07-19,35.93174813572756
2019-07-22,35.92603388182483
2019-07-23,36.28091387958256
2019-07-24,36.25239899900923
2019-07-25,36.07367757049678
2019-07-26,36.18708388672822
2019-07-29,36.39787879307022
2019-07-30,36.695113028018206
2019-07-31,36.59896469114232
2019-08-01,36.68231327749958
2019-08-02,36.9708949497386
2019-08-05,36.12228021795231
2019-08-06,36.55801325351567
2019-08-07,37.0331050254448
2019-08-08,37.60916344134154
2019-08-09,37.64232914630072
2019-08-12,37.5853627309453
2019-08-13,37.618452079236754
2019-08-14,37.0184213990011
2019-08-15,37.513758250244265
2019-08-16,37.74542013155308
2019-08-19,38.09319005746904
2019-08-20,37.803335925481264
2019-08-21,38.00143200682955
2019-08-22,38.15947409689094
2019-08-23,37.671323116722725
2019-08-26,38.062629995361256
2019-08-27,37.913765929578666
2019-08-28,38.03930083495819
2019-08-29,38.30796718754532
2019-08-30,38.34507316795253
2019-09-03,38.84461128712105
2019-09-04,39.172382429516105
2019-09-05,38.802323252074615
2019-09-06,38.87793770592041
2019-09-09,38.519512972301655
2019-09-10,37.98566305280532
2019-09-11,37.8570732496509
2019-09-12,38.08196355140278
2019-09-13,37.59471349788063
2019-09-16,37.97799249774887
2019-09-17,38.50566945464077
2019-09-18,38.38658828466506
2019-09-19,38.498463324069455
2019-09-20,38.01610500703663
2019-09-23,38.85330712976725
2019-09-24,38.80434687430462
2019-09-25,38.769609492913865
2019-09-26,39.11604202425173
2019-09-27,38.78701808230616
2019-09-30,37.74807597034256
2019-10-01,37.35633924851548
2019-10-02,37.13390810051595
2019-10-03,37.57951452436605
2019-10-04,37.80674897736036
2019-10-07,37.686799094543865
2019-10-08,37.496130029634514
2019-10-09,37.6268685902286
2019-10-10,37.70464279860934
2019-10-11,37.56801635689413
2019-10-14,37.5440197060252
2019-10-15,37.65604098625225
2019-10-16,37.60080026607867
2019-10-17,37.860071592148685
2019-10-18,38.24224271877092
2019-10-21,38.50839496309606
2019-10-22,38.34348016951662
2019-10-23,38.397436198494034
2019-10-24,38.28859553788526
2019-10-25,37.79175812840907
2019-10-28,37.35153385236283
2019-10-29,37.50637083656237
2019-10-30,37.71377778240409
2019-10-31,37.53064927172208
2019-11-01,37.55191876647511
2019-11-04,37.08192486054182
2019-11-05,35.76270006240937
2019-11-06,35.9119741023766
2019-11-07,35.521962989161736
2019-11-08,35.43147117730649
2019-11-11,35.48435508103424
2019-11-12,35.226607981021004
2019-11-13,35.614752987280184
2019-11-14,35.91695523420486
2019-11-15,36.13054763165396
2019-11-18,36.31798189464095
2019-11-19,36.38890695891912
2019-11-20,36.41467616436105
2019-11-21,35.90639063989676
2019-11-22,35.70045132528347
2019-11-25,35.72362655908537
2019-11-26,36.24349935538913
2019-11-27,36.34270955533414
2019-11-29,36.17759065490613
2019-12-02,35.54614411981844
2019-12-03,35.80796111323467
2019-12-04,36.02736319780019
2019-12-05,36.045755216089006
2019-12-06,36.07853901058472
2019-12-09,36.11959155392235
2019-12-10,35.86381026611258
2019-12-11,35.597401889736105
2019-12-12,35.07957128475908
2019-12-13,35.14500355125279
2019-12-16,35.41839320636626
2019-12-17,35.00207691897959
2019-12-18,35.47981543100979
2019-12-19,35.8737562080529
2019-12-20,36.074166931531344
2019-12-23,35.956208696541694
2019-12-24,36.04044877440443
2019-12-26,36.19661378970208
2019-12-27,36.17876360985651
2019-12-30,36.270037023772666
2019-12-31,36.91660869567473
2020-01-02,36.42816931515237
2020-01-03,36.71593991033656
2020-01-06,36.741354484317725
2020-01-07,36.30227581493113
2020-01-08,36.45488021830008
2020-01-09,36.48568208661369
2020-01-10,36.83058408163635
2020-01-13,37.29069562134082
2020-01-14,37.10390673680631
2020-01-15,37.39526851836622
2020-01-16,37.69109914197032
2020-01-17,37.73869976507636
2020-01-21,38.15994578345639
2020-01-22,37.85191564070213
2020-01-23,38.215989587761214
2020-01-24,38.1264988764626
2020-01-27,37.975900491953
2020-01-28,38.09390006209545
2020-01-29,37.8459031937654
2020-01-30,37.94653825384229
2020-01-31,37.42040229805992
2020-02-03,37.471178884347765
2020-02-04,37.915825610127015
2020-02-05,37.87913911120642
2020-02-06,38.03801402948421
2020-02-07,38.06371365297082
2020-02-10,38.53882301000203
2020-02-11,39.03563124797264
2020-02-12,39.30454261813055
2020-02-13,39.50693178259937
2020-02-14,39.940991102315145
2020-02-18,39.87662595024345
2020-02-19,39.32790273542191
2020-02-20,39.78341235977287
2020-02-21,39.93371374912906
2020-02-24,39.41183934713746
2020-02-25,38.41155176693432
2020-02-26,38.079190898203656
2020-02-27,35.96068000497496
2020-02-28,35.05315476871592
2020-03-02,36.84679972649473
2020-03-03,36.81423559626448
2020-03-04,38.27531414661557
2020-03-05,37.36956980475195
2020-03-06,36.73066622885756
2020-03-09,34.110798913730385
2020-03-10,35.822092770291874
2020-03-11,33.894973889659774
2020-03-12,31.074153480746883
2020-03-13,33.749821821959706
2020-03-16,28.212406201402143
2020-03-17,30.141068265926204
2020-03-18,27.9404551401364
2020-03-19,27.553848913701163
2020-03-20,26.05228129204801
2020-03-23,24.59470256096925
2020-03-24,26.67583822668523
2020-03-25,27.892792068876663
2020-03-26,30.103569248615678
2020-03-27,30.0545943617493
2020-03-30,30.916311102141893
2020-03-31,28.433885449204592
2020-04-01,26.7164677497918
2020-04-02,27.107802492883
2020-04-03,26.912456519081957
2020-04-06,28.812373329381494
2020-04-07,28.846212238220964
2020-04-08,30.992096141978934
2020-04-09,32.86378955059274
2020-04-13,31.062895204488417
2020-04-14,32.08739778779483
2020-04-15,30.88612808095531
2020-04-16,30.722014811963778
2020-04-17,31.70018398254376
2020-04-20,30.53059365171421
2020-04-21,30.04632451673924
2020-04-22,30.6292955012245
2020-04-23,30.263438231827426
2020-04-24,30.346911991541223
2020-04-27,31.23470005907744
2020-04-28,31.20610076612466
2020-04-29,31.2889627896744
2020-04-30,31.096474339795236
2020-05-01,30.108339730846364
2020-05-04,30.12140329514567
2020-05-05,30.31518162403415
2020-05-06,29.75983727912726
2020-05-07,29.997686935731235
2020-05-08,30.54826355286876
2020-05-11,30.190440892017357
2020-05-12,28.92354676467986
2020-05-13,28.49575880784394
2020-05-14,28.59751732632403
2020-05-15,28.459031393412744
2020-05-18,29.83737238698605
2020-05-19,29.29245385053036
2020-05-20,29.53164029219093
2020-05-21,29.353392628516072
2020-05-22,30.03049679788781
2020-05-26,30.960676994284743
2020-05-27,31.642534689224757
2020-05-28,32.05695289993928
2020-05-29,31.80732530049521
2020-06-01,32.459745998806106
2020-06-02,32.65250536680707
2020-06-03,33.404819451535765
2020-06-04,32.77920839422599
2020-06-05,33.95259634968547
2020-06-08,34.6589413084709
2020-06-09,34.303869014602256
2020-06-10,33.677240018183
2020-06-11,31.55578848586925
2020-06-12,32.558110870138755
2020-06-15,32.89393439820554
2020-06-16,33.45495423558343
2020-06-17,33.091240443014314
2020-06-18,32.63130712579738
2020-06-19,32.31970807187457
2020-06-22,32.268179062791376
2020-06-23,32.15448793204877
2020-06-24,31.302740200751973
2020-06-25,31.63384625916988
2020-06-26,31.06749069041843
2020-06-29,31.59818341462423
2020-06-30,36.97974402352381
2020-07-01,37.940763250453685
2020-07-02,37.81550236499811
2020-07-06,37.87407636721352
2020-07-07,37.28358499488185
2020-07-08,37.2349902589422
2020-07-09,37.11969252872291
2020-07-10,37.16580951048725
2020-07-13,36.53975567923764
2020-07-14,36.91727196466704
2020-07-15,37.08749664261496
2020-07-16,36.64966476936516
2020-07-17,37.17878644475957
2020-07-20,36.82860840387437
2020-07-21,36.817799872716265
2020-07-22,37.26205044186847
2020-07-23,37.08520569018801
2020-07-24,36.94662350903985
2020-07-27,37.361259272917785
2020-07-28,38.12004579554871
2020-07-29,38.82230948275978
2020-07-30,38.49378847351977
2020-07-31,38.4204509779696
2020-08-03,37.8592987891502
2020-08-04,38.38608550038701
2020-08-05,38.13722725152492
2020-08-06,38.17303290560936
2020-08-07,38.69379356245294
2020-08-10,38.61085187659238
2020-08-11,37.87462294038469
2020-08-12,38.37332529207148
2020-08-13,37.92339009732299
2020-08-14,37.99655396863951
2020-08-17,38.33046973997533
2020-08-18,38.29242484176074
2020-08-19,37.5163837554658
2020-08-20,37.91388731070288
2020-08-21,38.01484001411929
2020-08-24,38.08519930410078
2020-08-25,38.2047074448336
2020-08-26,37.93019765389785
2020-08-27,38.44798729815286
2020-08-28,38.741780191552245
2020-08-31,38.42010638067622
2020-09-01,38.35206650894988
2020-09-02,39.21285901668239
2020-09-03,38.54923708779975
2020-09-04,38.36770703391698
2020-09-08,37.88667221771584
2020-09-09,38.373736298571664
2020-09-10,37.81375596352265
2020-09-11,37.721047879101576
2020-09-14,38.50920190421207
2020-09-15,39.06200735194535
2020-09-16,39.25834144782341
2020-09-17,38.39163956317722
2020-09-18,37.64459152700958
2020-09-21,36.6825848649387
2020-09-22,37.13539776194907
2020-09-23,36.05230409591603
2020-09-24,36.18964445642384
2020-09-25,36.90022307314153
2020-09-28,37.51872013416217
2020-09-29,37.31758688101076
2020-09-30,43.83175053278492
2020-10-01,44.30379946029828
2020-10-02,44.9810938049277
2020-10-05,45.238563820915296
2020-10-06,44.87798744432466
2020-10-07,45.0118593548808
2020-10-08,45.71686884826405
2020-10-09,45.58191572746284
2020-10-12,45.78747854343885
2020-10-13,45.03894365070535
2020-10-14,44.52420271211401
2020-10-15,44.73091513235981
2020-10-16,44.55573255835796
2020-10-19,43.86347011963419
2020-10-20,44.17591967660198
2020-10-21,43.92957318423346
2020-10-22,43.65460070816031
2020-10-23,43.94671657293585
2020-10-26,43.43789737853079
2020-10-27,42.92319101379121
2020-10-28,41.89472520241265
2020-10-29,42.45443587139125
2020-10-30,42.11353041657115
2020-11-02,43.18862215548556
2020-11-03,43.84820428206541
2020-11-04,43.98609044371726
2020-11-05,44.133931010064266
2020-11-06,43.96159506954104
2020-11-09,45.00829688399502
2020-11-10,45.63991380030294
2020-11-12,45.14493903681304
2020-11-13,46.18195914045919
2020-11-16,46.4059985097413
2020-11-17,46.4492163553733
2020-11-18,45.68432648028916
2020-11-19,45.74694700338737
2020-11-20,45.60933668451019
2020-11-23,45.12650285873972
2020-11-24,45.11527647471225
2020-11-25,45.0581373457976
2020-11-27,45.13384499360102
2020-11-30,44.77950381710889
2020-12-01,45.33794148605932
2020-12-02,44.80475024181206
2020-12-03,45.12359951868613
2020-12-04,45.71825194934657
2020-12-07,45.27869987576205
2020-12-08,45.05116936460192
2020-12-09,44.59974943525693
2020-12-10,44.370371807287725
2020-12-11,44.3775886639198
2020-12-14,43.97713588418246
2020-12-15,44.66829233283571
2020-12-16,44.6834225934678
2020-12-17,45.22666047564361
2020-12-18,44.41802184451759
2020-12-21,44.3536734165608
2020-12-22,44.626712533794894
2020-12-23,44.197470813542544
2020-12-24,44.6115577028197
2020-12-28,44.94176607396413
2020-12-29,44.62729269641432
2020-12-30,44.78925907416124
2020-12-31,48.16081911431938
2021-01-04,46.664014658201886
2021-01-05,46.62740435294649
2021-01-06,46.34148828170008
2021-01-07,46.48978813212906
2021-01-08,46.991373476378186
2021-01-11,46.207682332780905
2021-01-12,46.2259918724128
2021-01-13,46.86575159018582
2021-01-14,47.16553953428669
2021-01-15,47.87651937520846
2021-01-19,47.60690946109524
2021-01-20,48.5398375432401
2021-01-21,48.37618918645721
2021-01-22,48.51764245288307
2021-01-25,48.94762414305319
2021-01-26,49.495509977977136
2021-01-27,48.79960523111054
2021-01-28,48.97612649738937
2021-01-29,48.4568921954389
2021-02-01,49.57409181211895
2021-02-02,49.776131772820335
2021-02-03,49.58973927904718
2021-02-04,49.830757915594376
2021-02-05,49.99328872390575
2021-02-08,50.09900709074781
2021-02-09,50.33141749381629
2021-02-10,50.6198744107147
2021-02-11,50.5566194015516
2021-02-12,50.51368919132782
2021-02-16,49.97701719297544
2021-02-17,50.02478495912485
2021-02-18,50.0159183047715
2021-02-19,50.133599658626295
2021-02-22,50.397194535667225
2021-02-23,50.53212562857998
2021-02-24,50.81203905418143
2021-02-25,50.01544468756117
2021-02-26,49.09274344485593
2021-03-01,49.14757513005469
2021-03-02,48.820761457694296
2021-03-03,48.21475750686276
2021-03-04,47.84658752975481
2021-03-05,48.38283081967554
2021-03-08,48.61905977344068
2021-03-09,49.16975692915507
2021-03-10,49.65938643018442
2021-03-11,50.41247136064496
2021-03-12,51.15774194351415
2021-03-15,51.78109660099715
2021-03-16,51.78424596221673
2021-03-17,51.70712725888937
2021-03-18,51.31529386811067
2021-03-19,50.67331257333231
2021-03-22,51.18801107838533
2021-03-23,51.37520983954829
2021-03-24,51.08717601883
2021-03-25,51.48915481026293
2021-03-26,52.765993189790144
2021-03-29,52.68253603289299
2021-03-30,52.4222854579994
2021-03-31,55.07986516728982
2021-04-01,56.06040366528746
2021-04-05,56.28687074007848
2021-04-06,56.38293985451805
2021-04-07,56.46965614767457
2021-04-08,56.14428457979064
2021-04-09,56.219805876936725
2021-04-12,56.53851973902039
2021-04-13,56.88767837088522
2021-04-14,56.493203473783794
2021-04-15,57.6005710994814
2021-04-16,57.68928475097096
2021-04-19,57.85268501048292
2021-04-20,58.496428662522185
2021-04-21,58.730649528669424
2021-04-22,58.56235179431094
2021-04-23,58.86642815485696
2021-04-26,58.988776736868274
2021-04-27,58.97224636249281
2021-04-28,58.75542705335479
2021-04-29,59.14817272518829
2021-04-30,59.506326677683774
2021-05-03,59.22459897133013
2021-05-04,58.85927184452064
2021-05-05,57.97751691082649
2021-05-06,58.55827844295366
2021-05-07,58.972377023456815
2021-05-10,59.16662744496369
2021-05-11,58.51766556180951
2021-05-12,57.13101959401321
2021-05-13,57.81612308504232
2021-05-14,58.40193456255918
2021-05-17,58.39807137680486
2021-05-18,58.49205839467557
2021-05-19,58.24472059870263
2021-05-20,59.0345073756617
2021-05-21,58.93091750986778
2021-05-24,59.552504022288936
2021-05-25,59.74242468651632
2021-05-26,59.87410857876176
2021-05-27,59.78128016003882
2021-05-28,60.1639391557393
2021-06-01,61.17939591574277
2021-06-02,62.03120060822704
2021-06-03,61.89988175012005
2021-06-04,61.98277235715359
2021-06-07,62.54574015718741
2021-06-08,62.85676827669932
2021-06-09,62.95869860497964
2021-06-10,63.55440283846363
2021-06-11,63.170710961131725
2021-06-14,63.441624546809855
2021-06-15,62.78331780396082
2021-06-16,62.24030438271595
2021-06-17,62.446516099615145
2021-06-18,61.52876329195336
2021-06-21,62.57911266551185
2021-06-22,62.31737443240892
2021-06-23,62.08895237705132
2021-06-24,61.81051357963301
2021-06-25,62.20797494270678
2021-06-28,62.26852194076219
2021-06-29,62.18630497885686
2021-06-30,50.161074981748506
2021-07-01,50.31778717311683
2021-07-02,50.57715101484074
2021-07-06,51.01491303307223
2021-07-07,51.29132411632455
2021-07-08,51.24259206304578
2021-07-09,51.90352713426109
2021-07-12,52.34105933400389
2021-07-13,51.65723461050583
2021-07-14,52.11874359273721
2021-07-15,52.1907967870336
2021-07-16,52.2463555402756
2021-07-19,51.41833280714526
2021-07-20,52.37508867800904
2021-07-21,52.18926186716203
2021-07-22,51.83856112293459
2021-07-23,52.287611195377735
2021-07-26,52.29606184584729
2021-07-27,52.72094094193769
2021-07-28,52.3934424999314
2021-07-29,52.26459487619841
2021-07-30,52.43670554924964
2021-08-02,52.44899241742654
2021-08-03,52.68419236217122
2021-08-04,52.25531061409222
2021-08-05,52.66836506607527
2021-08-06,52.5381760920706
2021-08-09,52.32565984386387
2021-08-10,51.74994347301248
2021-08-11,52.00719635984085
2021-08-12,52.189356477451554
2021-08-13,52.54906155557448
2021-08-16,52.61679969395505
2021-08-17,52.69582366977257
2021-08-18,52.13017005421501
2021-08-19,52.624788271648455
2021-08-20,52.87176178178836
2021-08-23,52.65356821951832
2021-08-24,52.27834969797457
2021-08-25,52.18111415359166
2021-08-26,52.22460042822741
2021-08-27,52.6728026600949
2021-08-30,53.269493044869975
2021-08-31,53.59308582200411
2021-09-01,54.50026407430765
2021-09-02,54.74070342726587
2021-09-03,54.76627998097735
2021-09-07,54.14358366445166
2021-09-08,54.4463628907517
2021-09-09,53.30528300140519
2021-09-10,52.65211643653807
2021-09-13,52.904889135301616
2021-09-14,52.7238822178176
2021-09-15,52.94221647358276
2021-09-16,53.026958305647774
2021-09-17,52.53991540400688
2021-09-20,52.192581503795815
2021-09-21,52.19506691006485
2021-09-22,52.66792802653999
2021-09-23,52.3756070405818
2021-09-24,51.73735422928055
2021-09-27,50.84399631548852
2021-09-28,50.52090865236132
2021-09-29,50.87159057397594
2021-09-30,41.58780272811523
2021-10-01,42.011863488605776
2021-10-04,42.03821188302464
2021-10-05,41.65926494407866
2021-10-06,42.066801158536805
2021-10-07,42.123918411644574
2021-10-08,41.64409910609072
2021-10-11,41.82817126845819
2021-10-12,42.26874403886157
2021-10-13,42.49199308020524
2021-10-14,43.09007023520411
2021-10-15,43.095603148387305
2021-10-18,43.1824310833166
2021-10-19,43.37038080566676
2021-10-20,44.04575360050289
2021-10-21,44.20705449007536
2021-10-22,44.50044773224125
2021-10-25,44.64070749234379
2021-10-26,44.85171220689488
2021-10-27,44.52538911992864
2021-10-28,45.17212471756545
2021-10-29,44.62698702629729
2021-11-01,44.81697714620682
2021-11-02,45.246027526912464
2021-11-03,45.51077474557033
2021-11-04,44.97860826479854
2021-11-05,45.07285770761252
2021-11-08,45.06719185429944
2021-11-09,45.23457689275119
2021-11-10,44.99792245409023
2021-11-11,45.10024548951317
2021-11-12,45.04037158497157
2021-11-15,42.99193555942927
2021-11-16,44.88015691532635
2021-11-17,45.173351289987394
2021-11-18,45.1869693252277
2021-11-19,44.94429611675713
2021-11-22,44.706602884775904
2021-11-23,45.20033647103345
2021-11-24,45.78021261940886
2021-11-26,44.55698711433294
2021-11-29,45.148060243289
2021-11-30,44.191641777260834
2021-12-01,43.58133964111822
2021-12-02,44.74167422520241
2021-12-03,44.55486543599322
2021-12-06,45.16194996899239
2021-12-07,45.93628359414939
2021-12-08,46.17461371237688
2021-12-09,45.54563430348524
2021-12-10,45.77207613518728
2021-12-13,46.37710590556545
2021-12-14,45.78326996320193
2021-12-15,46.46559789689988
2021-12-16,46.66597159980832
2021-12-17,46.52598646259617
2021-12-20,46.23472737358254
2021-12-21,46.52664458033868
2021-12-22,46.97077199582524
2021-12-23,46.798683472629214
2021-12-27,47.74830984484958
2021-12-28,47.95622425339668
2021-12-29,48.25764758841714
2021-12-30,48.42068104691016
2021-12-31,42.90525434179326
2022-01-03,42.48994481870729
2022-01-04,42.33605784681183
2022-01-05,40.96915778915455
2022-01-06,41.018458278756576
2022-01-07,40.80812014557221
2022-01-10,40.56162941658812
2022-01-11,40.49378191718246
2022-01-12,40.613540804863625
2022-01-13,40.46921964027354
2022-01-14,39.98724473383996
2022-01-18,39.70891905321182
2022-01-19,39.229341770276086
2022-01-20,38.868630305253504
2022-01-21,38.85367358835245
2022-01-24,38.93170133156624
2022-01-25,38.82818768445298
2022-01-26,38.17581982550925
2022-01-27,37.50995523011156
2022-01-28,38.77710475872091
2022-01-31,39.264967626112295
2022-02-01,38.977740937974914
2022-02-02,39.61434507095126
2022-02-03,39.1696185138034
2022-02-04,38.68023152120661
2022-02-07,38.6514038250983
2022-02-08,38.33801327375976
2022-02-09,39.24807602997903
2022-02-10,38.14158080741832
2022-02-11,37.62907791893692
2022-02-14,37.24491321286447
2022-02-15,37.40347744219144
2022-02-16,37.50042531097081
2022-02-17,37.14234360976467
2022-02-18,36.967746111289
2022-02-22,36.8788232312457
2022-02-23,36.390662629691015
2022-02-24,37.050124145424
2022-02-25,37.969773857676046
2022-02-28,37.295614560104006
2022-03-01,37.21132831566422
2022-03-02,37.90036501794879
2022-03-03,38.31125087696171
2022-03-04,38.6212065635025
2022-03-07,37.918207060717705
2022-03-08,37.58960295607741
2022-03-09,38.17336792640057
2022-03-10,38.28129482550952
2022-03-11,37.931326599056575
2022-03-14,37.6387963800178
2022-03-15,37.91189327758452
2022-03-16,38.3382489720049
2022-03-17,38.85926070133217
2022-03-18,38.9356120329307
2022-03-21,38.75940516577283
2022-03-22,38.78038785544428
2022-03-23,38.372215178264085
2022-03-24,38.62007910305961
2022-03-25,39.098042644080834
2022-03-28,39.596480357147456
2022-03-29,40.7318966344372
2022-03-30,40.49556180540593
2022-03-31,37.11579187395087
2022-04-01,37.86624243230732
2022-04-04,37.907832485205496
2022-04-05,37.92415061715713
2022-04-06,38.508066399416784
2022-04-07,38.17192022656161
2022-04-08,38.31361936939968
2022-04-11,37.7947873286444
2022-04-12,37.6596492398053
2022-04-13,37.81838329256697
2022-04-14,37.60152548010057
2022-04-18,37.49266860896568
2022-04-19,38.2807720574668
2022-04-20,38.98821675635736
2022-04-21,38.74446764359367
2022-04-22,38.05782114481606
2022-04-25,37.87892698795728
2022-04-26,37.31248732638737
2022-04-27,37.05358140596002
2022-04-28,37.74429261216155
2022-04-29,35.92573063084598
2022-05-02,35.01582580672361
2022-05-03,35.45870545376826
2022-05-04,35.8549955091729
2022-05-05,34.95585024208222
2022-05-06,34.608676619554245
2022-05-09,33.007485044714706
2022-05-10,32.21236488380183
2022-05-11,32.104788423643896
2022-05-12,32.36684717777825
2022-05-13,33.19354498040713
2022-05-16,32.92369649516012
2022-05-17,33.26193884935672
2022-05-18,32.29763732751108
2022-05-19,32.239544357118824
2022-05-20,32.63358964420561
2022-05-23,33.03749176146977
2022-05-24,33.45154577212599
2022-05-25,33.633561658990914
2022-05-26,33.59515329261014
2022-05-27,34.53719766607779
2022-05-31,34.07200089713987
2022-06-01,33.5786326288136
2022-06-02,34.179638329849965
2022-06-03,33.75221444111084
2022-06-06,33.65796294356406
2022-06-07,34.07924944491338
2022-06-08,32.609690658855364
2022-06-09,31.850184845593933
2022-06-10,31.09579352651347
2022-06-13,29.572284584500927
2022-06-14,29.254554351775965
2022-06-15,29.92030818275428
2022-06-16,29.158669104524368
2022-06-17,29.358958445771755
2022-06-21,29.96810249946591
2022-06-22,30.4232981391007
2022-06-23,31.02878769511821
2022-06-24,31.658650695823624
2022-06-27,31.59111967501816
2022-06-28,31.149134390386163
2022-06-29,30.911217275814096
2022-06-30,31.58430177617958
2022-07-01,32.169521147518154
2022-07-05,31.998442828274104
2022-07-06,32.00025262386323
2022-07-07,32.00995674681851
2022-07-08,31.83246445522495
2022-07-11,31.83513999505668
2022-07-12,31.648944997462163
2022-07-13,31.473124622148976
2022-07-14,31.16736400926011
2022-07-15,31.693271034851037
2022-07-18,31.355316961469704
2022-07-19,32.22921872603251
2022-07-20,32.05821709527686
2022-07-21,32.384015220166766
2022-07-22,32.636810002196825
2022-07-25,32.65520608969797
2022-07-26,32.72266305265687
2022-07-27,32.90691491056043
2022-07-28,34.12133931988528
2022-07-29,34.15532444878371
2022-08-01,33.8534287146847
2022-08-02,33.41283375585594
2022-08-03,33.544617382981656
2022-08-04,33.58547084417452
2022-08-05,33.68942261554529
2022-08-08,33.93382800274678
2022-08-09,34.17836073935515
2022-08-10,34.674380044821824
2022-08-11,34.480512702399174
2022-08-12,35.068173908276684
2022-08-15,35.23204950769318
2022-08-16,35.08886868325784
2022-08-17,34.981879708049604
2022-08-18,34.718234811370394
2022-08-19,34.3900108725471
2022-08-22,33.67364955686234
2022-08-23,33.185987478850734
2022-08-24,33.411489457738035
2022-08-25,33.93459976202798
2022-08-26,33.08008303589963
2022-08-29,32.79255029479573
2022-08-30,32.314904407949975
2022-08-31,32.207791183778646
2022-09-01,32.325172960793445
2022-09-02,31.783449495512443
2022-09-06,32.10296623589193
2022-09-07,32.7181389019833
2022-09-08,32.77831073394259
2022-09-09,33.08222113670743
2022-09-12,33.3701250391778
2022-09-13,32.08730645979587
2022-09-14,31.653429122246465
2022-09-15,30.958729947494795
2022-09-16,30.984488136762547
2022-09-19,31.3674009342791
2022-09-20,30.55503601032276
2022-09-21,30.07936453628286
2022-09-22,29.789863151199214
2022-09-23,29.392733689991328
2022-09-26,28.630995074708544
2022-09-27,28.266559709399093
2022-09-28,28.79689564366727
2022-09-29,27.96777969513555
2022-09-30,25.38124525746142
2022-10-03,25.656957134919164
2022-10-04,26.073479856133822
2022-10-05,25.577312997420307
2022-10-06,24.759374251151534
2022-10-07,24.14313263867948
2022-10-10,23.854897141372604
2022-10-11,24.098245108783264
2022-10-12,23.76380211778177
2022-10-13,24.201247518089897
2022-10-14,23.573376655667207
2022-10-17,24.4915651004565
2022-10-18,24.80232292807007
2022-10-19,24.16807725949429
2022-10-20,24.06849113158612
2022-10-21,24.232078523792666
2022-10-24,24.210873111213036
2022-10-25,25.164258121518586
2022-10-26,25.12673136838356
2022-10-27,25.12606779429315
2022-10-28,25.72721780916705
2022-10-31,25.669911588289583
2022-11-01,25.614486749421214
2022-11-02,24.94425624878795
2022-11-03,24.94788495564744
2022-11-04,25.270354416232617
2022-11-07,25.25250419925542
2022-11-08,25.415403408467604
2022-11-09,25.13895417421307
2022-11-10,27.0860799268043
2022-11-11,27.057374419550214
2022-11-14,26.341362339667707
2022-11-15,26.666954226752
2022-11-16,26.440148581920344
2022-11-17,26.22272538308714
2022-11-18,26.56124324316355
2022-11-21,26.751333140810434
2022-11-22,26.87555959090044
2022-11-23,26.86220758776123
2022-11-25,27.08812904875853
2022-11-28,26.329761936862425
2022-11-29,26.7794572885493
2022-11-30,27.40424839584116
2022-12-01,27.319090421010348
2022-12-02,27.204897304523207
2022-12-05,26.73759675980845
2022-12-06,26.527174050872052
2022-12-07,26.595159443332555
2022-12-08,26.75553191205653
2022-12-09,26.70150928496972
2022-12-12,26.941216070888597
2022-12-13,27.490073267640483
2022-12-14,27.21208161129608
2022-12-15,26.86319314638156
2022-12-16,26.066626940063124
2022-12-19,25.838477901228863
2022-12-20,25.768977948689624
2022-12-21,26.00486796831364
2022-12-22,25.900779899047297
2022-12-23,26.12850670293702
2022-12-27,26.09160897149263
2022-12-28,25.67587519373544
2022-12-29,26.22637775330903
2022-12-30,25.965150365678376
2023-01-03,30.741352046441605
2023-01-04,31.44384869731372
2023-01-05,30.05418435254996
2023-01-06,30.913422949453874
2023-01-09,30.89659749088132
2023-01-10,30.94129938353667
2023-01-11,32.119345348009695
2023-01-12,32.46888639201623
2023-01-13,32.27156307302772
2023-01-17,32.29767367442185
2023-01-18,31.794010282630165
2023-01-19,31.65031811771464
2023-01-20,32.02955157413021
2023-01-23,32.106340649890946
2023-01-24,32.23614707730772
2023-01-25,32.27190101624742
2023-01-26,32.626156092918045
2023-01-27,32.933174745879306
2023-01-30,32.525944980961754
2023-01-31,33.1444856860916
2023-02-01,33.37787170107498
2023-02-02,34.122342325169505
2023-02-03,33.428194634331135
2023-02-06,33.20172013569537
2023-02-07,33.10035516524386
2023-02-08,33.003018685409046
2023-02-09,32.669908784383146
2023-02-10,32.75627178586238
2023-02-13,33.023393495066166
2023-02-14,32.681814482928246
2023-02-15,32.76580546225016
2023-02-16,32.46095883476557
2023-02-17,32.314567778736055
2023-02-21,31.68186660591733
2023-02-22,31.35989129699336
2023-02-23,31.66699583697139
2023-02-24,31.09230076830424
2023-02-27,31.137663215684828
2023-02-28,31.12655046900009
2023-03-01,30.66288846918486
2023-03-02,31.03628968769621
2023-03-03,31.57564844865566
2023-03-06,31.44783389702505
2023-03-07,30.66060474331303
2023-03-08,31.06528898834156
2023-03-09,30.35211224911004
2023-03-10,29.364264731111035
2023-03-13,29.83654313921232
2023-03-14,30.086502237542
2023-03-15,30.08836222076512
2023-03-16,30.06989015226693
2023-03-17,29.388459652971296
2023-03-20,29.6954867054767
2023-03-21,29.50126660334004
2023-03-22,28.42642312401977
2023-03-23,28.25047617209429
2023-03-24,28.978392286737645
2023-03-27,28.87287158675688
2023-03-28,28.797525421727077
2023-03-29,29.46342488379513
2023-03-30,29.813834769244654
2023-03-31,32.236779294091534
2023-04-03,31.931615973527823
2023-04-04,31.93694713461016
2023-04-05,31.76915839675739
2023-04-06,31.98853095378803
2023-04-10,32.143751506625904
2023-04-11,32.29101292362491
2023-04-12,32.19336084006125
2023-04-13,32.06101500589781
2023-04-14,31.521674336288
2023-04-17,32.22477016297104
2023-04-18,32.175448509087126
2023-04-19,32.352087816544234
2023-04-20,31.968141286612187
2023-04-21,32.02245719552646
2023-04-24,31.924183566011003
2023-04-25,31.63204739987888
2023-04-26,31.37122367756909
2023-04-27,32.1321429000925
2023-04-28,32.50359055877369
2023-05-01,32.2035632258321
2023-05-02,31.645242041839246
2023-05-03,31.45689483191648
2023-05-04,31.746924620675287
2023-05-05,32.23253594773272
2023-05-08,32.011947965376244
2023-05-09,31.882639808874327
2023-05-10,32.196446554730535
2023-05-11,31.8678638203308
2023-05-12,31.915465518061552
2023-05-15,31.84060281824674
2023-05-16,31.00844943230413
2023-05-17,31.408625684858137
2023-05-18,31.195865510145385
2023-05-19,31.14879587429066
2023-05-22,31.357016848113567
2023-05-23,30.95555931763525
2023-05-24,30.271856188674125
2023-05-25,30.35569405293403
2023-05-26,30.709676911024225
2023-05-30,30.79434809514606
2023-05-31,30.995762551103194
2023-06-01,31.00562261613877
2023-06-02,31.65157131964148
2023-06-05,31.487900411313177
2023-06-06,31.69628726142749
2023-06-07,32.25157751522582
2023-06-08,32.05006719015776
2023-06-09,31.867053598376494
2023-06-12,31.87587693398281
2023-06-13,32.072591855366305
2023-06-14,32.17561918795902
2023-06-15,32.28475263907429
2023-06-16,32.24853644380917
2023-06-20,32.81738522799855
2023-06-21,32.67100331238348
2023-06-22,32.20095555976347
2023-06-23,31.847214529631795
2023-06-26,32.55227500511106
2023-06-27,32.91335469543243
2023-06-28,32.982447183326286
2023-06-29,33.27107984612667
2023-06-30,33.567155532435294
2023-07-03,33.90282419852391
2023-07-05,34.010309183738045
2023-07-06,33.80616880340547
2023-07-07,33.63565828140607
2023-07-10,33.75205673358947
2023-07-11,34.145646657596906
2023-07-12,34.29560048564264
2023-07-13,34.526175702505384
2023-07-14,34.519959347040704
2023-07-17,34.232690592044854
2023-07-18,33.952587807244605
2023-07-19,34.33142037640304
2023-07-20,34.195426780072815
2023-07-21,34.345872652325454
2023-07-24,34.512346775388686
2023-07-25,34.25485543173499
2023-07-26,34.37320019368435
2023-07-27,33.64260501154376
2023-07-28,33.55671518158774
2023-07-31,33.79188462607485
2023-08-01,33.75054056001751
2023-08-02,33.60080993919361
2023-08-03,33.1460258892375
2023-08-04,32.817134413212464
2023-08-07,33.21607238106613
2023-08-08,33.0644218246579
2023-08-09,33.12941461589785
2023-08-10,33.02671807573678
2023-08-11,33.08864393495829
2023-08-14,32.91042319070933
2023-08-15,32.55892730022566
2023-08-16,32.166540616591206
2023-08-17,31.92692894801277
2023-08-18,32.0160409738495
2023-08-21,31.73453781203189
2023-08-22,31.821894900144372
2023-08-23,32.2873892212227
2023-08-24,32.15506754710556
2023-08-25,32.24106333156203
2023-08-28,32.49040538774203
2023-08-29,32.86458163163422
2023-08-30,32.97819502581333
2023-08-31,32.72913747575328
2023-09-01,32.70613432223559
2023-09-05,32.39499905280351
2023-09-06,32.32028684606898
2023-09-07,32.55030681901267
2023-09-08,32.346829499009935
2023-09-11,32.35324127099945
2023-09-12,32.34195200967962
2023-09-13,32.008338168954175
2023-09-14,32.55601858661701
2023-09-15,32.390853890769215
2023-09-18,32.21742265745144
2023-09-19,32.03742440594563
2023-09-20,32.07868196250544
2023-09-21,30.962639731532786
2023-09-22,30.74084175721632
2023-09-25,30.687635279647825
2023-09-26,30.14106631531437
2023-09-27,29.8932342984376
2023-09-28,30.147682440077165
2023-09-29,30.25570986711764
2023-10-02,34.601909181321986
2023-10-03,33.94511481924021
2023-10-04,34.32995358445689
2023-10-05,34.56012576372819
2023-10-06,34.67862414983719
2023-10-09,35.12852573754517
2023-10-10,35.23509523490247
2023-10-11,35.944604261348374
2023-10-12,35.47582380522516
2023-10-13,35.46324622866999
2023-10-16,35.82573312823528
2023-10-17,35.63368890195616
2023-10-18,34.85599266144619
2023-10-19,34.003436359832804
2023-10-20,33.820218495515014
2023-10-23,33.53386456512127
2023-10-24,33.93358884374374
2023-10-25,33.23185396726934
2023-10-26,33.946109018537896
2023-10-27,33.40316175162398
2023-10-30,33.50517614793809
2023-10-31,34.18529119949947
2023-11-01,33.08005250934911
2023-11-02,34.73473215825576
2023-11-03,35.96962949474404
2023-11-06,35.461198636429195
2023-11-07,35.17111041001356
2023-11-08,35.63783522504696
2023-11-09,35.11175407546852
2023-11-10,35.574954346697965
2023-11-13,35.254381755075016
2023-11-14,37.19062891662639
2023-11-15,37.221984378260736
2023-11-16,37.14179892027131
2023-11-17,37.1607177410084
2023-11-20,37.42001875031777
2023-11-21,37.278366531792024
2023-11-22,37.415097028030466
2023-11-24,37.55075586656692
2023-11-27,37.68659572362205
2023-11-28,37.88662859205416
2023-11-29,38.173150277955564
2023-11-30,38.49334571905373
2023-12-01,39.29169832838468
2023-12-04,39.59715209025434
2023-12-05,39.25035032564061
2023-12-06,39.273861111353604
2023-12-07,39.26616586375708
2023-12-08,39.13475210407425
2023-12-11,39.32312522702382
2023-12-12,39.2262397847058
2023-12-13,40.71546748239005
2023-12-14,41.849406446533465
2023-12-15,41.19662264797036
2023-12-18,41.05607082803581
2023-12-19,41.369843686668794
2023-12-20,40.75668734258666
2023-12-21,41.05380456744841
2023-12-22,41.262275265312816
2023-12-26,41.585410630433216
2023-12-27,41.786866719789224
2023-12-28,42.00892649005865
2023-12-29,41.503144462364325
2024-01-02,41.97040201488553
2024-01-03,40.90680215298864
2024-01-04,40.74614737112245
2024-01-05,40.69954996647163
2024-01-08,41.27112832568173
2024-01-09,40.970291598873644
2024-01-10,41.03272755136414
2024-01-11,40.64480962252512
2024-01-12,40.95758923760909
2024-01-16,40.69744572814557
2024-01-17,39.9448867721895
2024-01-18,39.73121348071557
2024-01-19,40.014380718138526
2024-01-22,40.21910312313288
2024-01-23,40.019478113211946
2024-01-24,39.45523901124344
2024-01-25,40.00618421715921
2024-01-26,39.49067320253914
2024-01-29,39.740077877479976
2024-01-30,39.69174964107985
2024-01-31,39.20581163278685
2024-02-01,39.86842253642916
2024-02-02,39.099776184691486
2024-02-05,38.28386595568013
2024-02-06,38.87615823138535
2024-02-07,38.87970217851328
2024-02-08,38.932790341656165
2024-02-12,38.9521581003293
2024-02-13,38.1469354667683
2024-02-14,38.14164653923395
2024-02-15,39.09128389826678
2024-02-16,38.050946934930494
2024-02-20,37.97256574618187
2024-02-21,38.30276341395503
2024-02-22,38.40533589771363
2024-02-23,38.46554346117682
2024-02-26,37.99919270276605
2024-02-27,38.06655568896454
2024-02-28,37.490319425088295
2024-02-29,37.828747578040606
2024-03-01,38.25090624891594
2024-03-04,38.66746572255337
2024-03-05,38.15868045975508
2024-03-06,38.38322533881649
2024-03-07,38.391781843969284
2024-03-08,38.80752413355097
2024-03-11,38.61856108962337
2024-03-12,38.47690897616431
2024-03-13,38.3101324418443
2024-03-14,37.629568554242006
2024-03-15,37.59544132797931
2024-03-18,37.60289547854892
2024-03-19,37.60372786132017
2024-03-20,37.813907611055654
2024-03-21,37.97289305598928
2024-03-22,37.44133398030225
2024-03-25,37.28521115593118
2024-03-26,37.1169751281675
2024-03-27,38.03885998472196
2024-03-28,38.28180747278207
2024-04-01,37.597885565253975
2024-04-02,37.17542808255599
2024-04-03,37.19705635313535
2024-04-04,36.910057353950585
2024-04-05,37.1489573443849
2024-04-08,37.45296768766743
2024-04-09,37.89072740805756
2024-04-10,36.344197171872786
2024-04-11,36.37361936143512
2024-04-12,36.010957608914964
2024-04-15,35.37206278588446
2024-04-16,34.83074391619869
2024-04-17,34.52386503066349
2024-04-18,34.55253463848108
2024-04-19,34.68772421555593
2024-04-22,34.954236328310095
2024-04-23,35.14514208463231
2024-04-24,35.29920454806006
2024-04-25,35.11328007470032
2024-04-26,35.362394398461944
2024-04-29,35.74367095539964
2024-04-30,35.08448523982118
2024-05-01,34.16280295757548
2024-05-02,34.702626280065154
2024-05-03,34.96559447507363
2024-05-06,35.16948794977992
2024-05-07,35.17345684876983
2024-05-08,34.90761720289921
2024-05-09,35.71381860575928
2024-05-10,35.58439603206942
2024-05-13,35.68804543189166
2024-05-14,35.93358383896613
2024-05-15,36.53930625976005
2024-05-16,36.485671174862496
2024-05-17,36.48289008933808
2024-05-20,36.23447466613063
2024-05-21,36.2149038094197
2024-05-22,35.90407488931272
2024-05-23,35.129123875303904
2024-05-24,35.1339335708795
2024-05-28,34.91325518862055
2024-05-29,34.590423062323204
2024-05-30,35.11305140175939
2024-05-31,35.76691581411076
2024-06-03,35.643785826016504
2024-06-04,35.980969043108885
2024-06-05,35.934239161115194
2024-06-06,35.998688296321376
2024-06-07,35.68839884960959
2024-06-10,35.8256648156734
2024-06-11,35.741210939244276
2024-06-12,36.04616106177696
2024-06-13,36.16970494422733
2024-06-14,36.113758107951334
2024-06-17,35.86144892374843
2024-06-18,35.99151656568478
2024-06-20,35.89990182893389
2024-06-21,35.99972431055
2024-06-24,36.32383689640316
2024-06-25,35.867025377068344
2024-06-26,35.812966672620796
2024-06-27,36.14915433417827
2024-06-28,36.38346701612478
2024-07-01,35.89683604657596
2024-07-02,36.12323252758514
2024-07-03,36.15373517751148
2024-07-05,36.27018873295881
2024-07-08,36.332072817769955
2024-07-09,36.35680849617744
2024-07-10,36.62178572840505
2024-07-11,37.59657808450502
2024-07-12,37.85469673283677
2024-07-15,38.00669161520076
2024-07-16,38.39880557865738
2024-07-17,38.7085840385774
2024-07-18,39.187682486558245
2024-07-19,39.112984784660924
2024-07-22,39.589978271803545
2024-07-23,39.64944009433642
2024-07-24,39.104095638694744
2024-07-25,39.10075143830961
2024-07-26,39.752714422924
2024-07-29,39.79168182560763
2024-07-30,40.18453137228803
2024-07-31,39.96769181284475
2024-08-01,40.91585333570512
2024-08-02,40.94678023578675
2024-08-05,39.71287592164574
2024-08-06,40.623811683932765
2024-08-07,40.26168521480145
2024-08-08,40.51742616057722
2024-08-09,40.71546522500884
2024-08-12,40.3964820937543
2024-08-13,40.740773839026026
2024-08-14,40.89965868186536
2024-08-15,40.82441521129735
2024-08-16,40.74550444912798
2024-08-19,41.08696201702126
2024-08-20,40.9961833725616
2024-08-21,41.223288089686186
2024-08-22,41.39648784085946
2024-08-23,42.22463697224348
2024-08-26,42.17402262434615
2024-08-27,42.265120644526874
2024-08-28,42.135045019474056
2024-08-29,41.95010648305768
2024-08-30,42.37101799588815
2024-09-03,42.421837457623745
2024-09-04,42.553104916277455
2024-09-05,42.44655499461424
2024-09-06,42.43668134214436
2024-09-09,42.925170808158846
2024-09-10,43.62822716920676
2024-09-11,43.535928040513504
2024-09-12,43.624056281854
2024-09-13,43.88247030503343
2024-09-16,44.00426477962095
2024-09-17,43.60550453349884
2024-09-18,43.41498731602797
2024-09-19,43.47876830458205
2024-09-20,43.32195729340518
2024-09-23,43.7081215814122
2024-09-24,43.84516591618088
2024-09-25,43.607524324313786
2024-09-26,43.25453879628989
2024-09-27,43.31975892657882
2024-09-30,43.629513796989556
2024-10-01,43.34339389741447
2024-10-02,43.16443980895742
2024-10-03,42.77555670320455
2024-10-04,42.504901382706194
2024-10-07,42.179475527039635
2024-10-08,42.23320308920059
2024-10-09,42.27814572656117
2024-10-10,41.9621254022304
2024-10-11,42.3696710219238
2024-10-14,42.6121103737478
2024-10-15,43.137405014026044
2024-10-16,43.17698993573596
2024-10-17,42.76458305220976
2024-10-18,43.16183379320013
2024-10-21,42.23646397679204
2024-10-22,42.1578080668679
2024-10-23,42.59059940941325
2024-10-24,42.63572328704767
2024-10-25,43.49725925954621
2024-10-28,42.8023704131169
2024-10-29,45.00372268734505
2024-10-30,43.35046797909128
2024-10-31,42.64592408211409
2024-11-01,42.415178192208856
2024-11-04,42.93373526625748
2024-11-05,43.169498849894644
2024-11-06,42.40730338142159
2024-11-07,42.546106775707635
2024-11-08,43.48937008197824
2024-11-11,43.189910599265765
2024-11-12,42.615440721290966
2024-11-13,42.98035660633226
2024-11-14,42.493944113890365
2024-11-15,42.608003174732715
2024-11-18,42.91614760399073
2024-11-19,43.06392907259818
2024-11-20,42.89904589724436
2024-11-21,43.264513546797474
2024-11-22,43.61903572785155
2024-11-25,44.20673096247264
2024-11-26,44.37300070464331
2024-11-27,44.7661543537166
2024-11-29,44.53372059050992
2024-12-02,43.96310730219375
2024-12-03,43.56622767138145
2024-12-04,43.50496845721174
2024-12-05,43.371602706563245
2024-12-06,43.318236299195654
2024-12-09,43.55736132308287
2024-12-10,42.680076428854164
2024-12-11,42.46862856662813
2024-12-13,42.35567966368074
2024-12-16,42.12126572610152
2024-12-17,41.70045979357378
2024-12-18,40.00658535958476
2024-12-19,40.115322350080135
2024-12-20,40.227858564343556
2024-12-23,40.362712043825105
2024-12-24,40.65863525673494
2024-12-26,40.85200648126362
2024-12-27,40.40142254576341
2024-12-30,40.248777372730004
2024-12-31,40.54930283563704
2025-01-02,40.09486079810585
2025-01-03,40.6458026941532
2025-01-06,40.1639617194739
2025-01-07,39.84332452161132
2025-01-08,39.81553483721257
2025-01-10,38.934230419675785
2025-01-13,39.52217302548364
2025-01-14,39.955845772798696
2025-01-15,39.891507103681064
2025-01-16,40.84412957504795
2025-01-17,40.836792801874886
2025-01-21,40.804155584531216
2025-01-22,39.88827864212546
2025-01-23,40.12573372536302
2025-01-24,40.33213955564318
2025-01-27,41.12808960755921
2025-01-28,40.23493871277958
2025-01-29,40.185068533299166
2025-01-30,40.95531262281548
2025-01-31,41.42158855466008
2025-02-03,41.27013082455776
2025-02-04,41.16619414473529
2025-02-05,41.74428065843207
2025-02-06,41.91299630951595
2025-02-07,42.015994379069674
2025-02-10,42.09870244067346
2025-02-11,42.4039982248757
2025-02-12,42.077315012742204
2025-02-13,42.16057767452795
2025-02-14,41.32632807190643
2025-02-18,41.50435973174899
2025-02-19,41.661648692353275
2025-02-20,42.271465155170425
2025-02-21,42.11042451523784
2025-02-24,42.14909584328563
2025-02-25,40.359480336898386
2025-02-26,39.894916832812065
2025-02-27,40.16904728391236
2025-02-28,40.44845162110519
2025-03-03,40.80042406078133
2025-03-04,40.180065180008484
2025-03-05,40.67584142412835
2025-03-06,39.7321971721455
2025-03-07,40.01156499961819
2025-03-10,39.603401332959066
2025-03-11,39.13841524751609
2025-03-12,38.855639056171135
2025-03-13,46.019063517908386
2025-03-14,46.26341238295841
2025-03-17,47.15044575162043
2025-03-18,46.70665397699591
2025-03-19,46.71630235567527
2025-03-20,46.61336276762103
2025-03-21,45.82234327340975
2025-03-24,46.700376478797075
2025-03-25,46.40302865986283
2025-03-26,46.755582412542736
2025-03-27,46.5247742804267
2025-03-28,46.43493343031059
2025-03-31,46.953475051543634
2025-04-01,46.917969479555545
2025-04-02,47.22310277854417
2025-04-03,44.88060282442244
2025-04-04,43.036126255149135
2025-04-07,41.89990074098654
2025-04-08,40.80834477898669
2025-04-09,43.76326064317308
2025-04-10,42.57009126411639
2025-04-11,43.12077425590665
2025-04-14,43.98158074100588
2025-04-15,44.01111351369884
2025-04-16,43.95531267745858
2025-04-17,44.65832019481931
2025-04-21,43.680950069376046
2025-04-22,46.71961889045533
2025-04-23,46.879504143466065
2025-04-24,47.380109909067464
2025-04-25,46.99647075111828
2025-04-28,47.186023542497374
2025-04-29,48.37663639755929
2025-04-30,48.84164242419784
2025-05-01,48.80493180921303
2025-05-02,49.37742921316245
2025-05-05,48.95691897031947
2025-05-06,48.684417959852254
2025-05-07,48.866768302195595
2025-05-08,48.63013437146947
2025-05-09,48.68150015901964
2025-05-12,50.09408953893183
2025-05-13,48.74737083818866
2025-05-14,48.19819960238313
2025-05-15,49.167545381651635
2025-05-16,49.76946638480871
2025-05-19,49.85596482673308
2025-05-20,49.5451658368539
2025-05-21,48.1950197271849
2025-05-22,48.26173744389554
2025-05-23,48.10648630967074
2025-05-27,49.05545171490924
2025-05-28,49.135499059536166
2025-05-29,49.49573505933418
2025-05-30,49.52826209812795
2025-06-02,49.57645456098874
2025-06-03,49.24823739170993
2025-06-04,49.32911651483956
2025-06-05,49.37145787651799
2025-06-06,49.77333348725878
2025-06-09,49.800916164311154
2025-06-10,50.02284018947647
2025-06-11,49.7160305547258
2025-06-12,49.92080435101556
2025-06-13,49.500821103333
2025-06-16,49.49879974119962
2025-06-17,49.26637369355323
2025-06-18,49.313031177933965
2025-06-20,49.289378020837695
2025-06-23,49.997254691781386
2025-06-24,50.27617350715411
2025-06-25,49.1321953205271
2025-06-26,49.221620227356055
2025-06-27,49.00821380421552
2025-06-30,49.141521117891614
2025-07-01,49.86141176816655
2025-07-02,49.912789958869595
2025-07-03,49.79023673958509
2025-07-07,49.29166403005789
2025-07-08,49.28670977613828
2025-07-09,49.13532353456773
2025-07-10,49.663082360034
2025-07-11,49.5599146443785
2025-07-14,49.7706665622265
2025-07-15,49.115887946490155
2025-07-16,49.613622969856465
2025-07-17,50.071431501861866
2025-07-18,50.40005901901385
2025-07-21,50.42781173645558
2025-07-22,51.81801265526968
2025-07-23,54.77181094557209
2025-07-24,54.097790338351174
2025-07-25,50.60550998233166
2025-07-28,49.47688179598156
2025-07-29,50.65203085905815
2025-07-30,49.84932961789905
2025-07-31,48.23378269276359
2025-08-01,48.13464650887627
2025-08-04,48.314242548290785
2025-08-05,48.76026560897272
2025-08-06,48.22891891001115
2025-08-07,48.46557311048383
2025-08-08,48.25895329660353
2025-08-11,47.85161553381973
2025-08-12,48.25500107707743
2025-08-13,48.52632992690584
2025-08-14,47.89212354248553
2025-08-15,48.1554933434889
2025-08-18,47.772745664855954
2025-08-19,48.74217742887938
2025-08-20,48.768458857001406
2025-08-21,48.528837816903234
2025-08-22,49.57685552959989
2025-08-25,49.178020735472025
2025-08-26,49.09620393167168
2025-08-27,49.34599612837206
2025-08-28,49.273527328421345
2025-08-29,49.27512258522085
2025-09-02,48.28097791263756
2025-09-03,48.5186853686664
2025-09-04,48.89100931066952
2025-09-05,49.17115774790017
2025-09-08,48.92393115367908
2025-09-09,48.577744705056666
2025-09-10,48.7384068659164
2025-09-11,49.59197169839969
2025-09-12,49.29148790830465
2025-09-15,49.13534507963366
2025-09-16,48.82713272200812
2025-09-17,48.70465973985433
2025-09-18,48.91588514354552
2025-09-19,48.466845489331135
2025-09-22,48.53640265817321
2025-09-23,49.90569031778619
2025-09-24,49.34325861252028
2025-09-25,49.15492075151155
2025-09-26,49.65995164121841
2025-09-29,49.65392999923898
2025-09-30,49.814663377869735
2025-10-01,49.96066059301394
2025-10-02,49.576255096670884
2025-10-03,49.7682698867333
2025-10-06,49.247211832670594
2025-10-07,49.00752735395641
2025-10-08,48.701633263325306
2025-10-09,48.607530680263146
2025-10-10,47.98348957215062
2025-10-13,48.65277867720233
2025-10-14,48.83052340138097
2025-10-15,50.06897742601526
2025-10-16,49.84089866420135
2025-10-17,50.400570807225954
2025-10-20,50.747183760884255
2025-10-21,50.6513626604012
2025-10-22,50.9963186863106
2025-10-23,50.84727844016255
2025-10-24,51.00701958044519
2025-10-27,51.03503280183251
2025-10-28,51.383614600135374
2025-10-29,49.702055787911185
2025-10-30,49.17471426921151
2025-10-31,49.408810486701285
2025-11-03,49.207138245551675
2025-11-04,48.935222268881816
2025-11-05,48.394238096523765
2025-11-06,48.006150177106846
2025-11-07,48.385505694140946
2025-11-10,48.16313930851074
2025-11-11,48.87268732416956
2025-11-12,48.56387694283851
2025-11-13,48.285903027075165
2025-11-14,47.91591988033456
2025-11-17,47.72475344474774
2025-11-18,47.761561664185784
2025-11-19,47.47109338474386
2025-11-20,47.49415025889178
2025-11-21,48.12129244617464
2025-11-24,48.08707548031292
2025-11-25,48.39068964046132
2025-11-26,48.55999110234294
2025-11-28,48.60795749830384
2025-12-01,48.46152853042984
2025-12-02,48.08950385924569
2025-12-03,48.37722993415105
2025-12-04,48.187414324701
2025-12-05,47.88838333429431
2025-12-08,47.6451592491113
2025-12-09,47.50338251750718
2025-12-10,47.69652160828491
2025-12-11,47.94290785450037
2025-12-12,47.93845754964212
2025-12-15,48.09058080974838
2025-12-16,47.429872991977376
2025-12-17,47.71876227164181
2025-12-18,47.292773180223
2025-12-19,47.08369579724125
2025-12-22,47.511150941239904
2025-12-23,47.57182281777695
2025-12-24,47.929492924367274
2025-12-29,48.14845757244867
2025-12-30,48.21749906427561
2025-12-31,47.761431478733414
2026-01-01,47.761431478733414
2026-01-02,47.725754190065814
2026-01-05,47.90686172338461
2026-01-06,48.38805833529792
2026-01-07,47.54947089622294
2026-01-08,48.235772519959106
2026-01-09,47.98090947051507
2026-01-12,47.98507683526902
2026-01-13,48.13234121476015
2026-01-14,48.9584110978776
2026-01-15,49.25664538109069
2026-01-16,50.052296539064294
2026-01-20,49.42062293848181
2026-01-21,49.06961709667255
2026-01-22,48.66051210540068
2026-01-23,48.807090816812455
2026-01-26,48.70232941243468
2026-01-27,50.07427920936086
2026-01-28,49.70876069318563
2026-01-29,50.3879128747877
2026-01-30,50.23543686737637
2026-02-02,39.10247463448117
2026-02-03,45.42259004645207
2026-02-04,37.129384283740514
2026-02-05,37.07613128589742
2026-02-06,37.48272284043698
2026-02-09,37.52431813761074
2026-02-10,38.13117430389112
2026-02-11,38.10928997405158
2026-02-12,37.969965757524506
2026-02-13,38.51545022577065
2026-02-17,38.87629015860144
2026-02-18,38.41386217714607
2026-02-19,38.23042330461734
2026-02-20,38.46134539505379
2026-02-23,38.44578747670035
2026-02-24,38.90139892327153
2026-02-25,38.76510534390809
2026-02-26,38.89487289658052
2026-02-27,38.84206062783927
2026-03-02,38.84634841623932
2026-03-03,38.615753094945205
2026-03-04,38.64639384134374
2026-03-05,38.41006857212743
2026-03-06,37.893476606477265
2026-03-09,37.7929722630067
2026-03-10,37.866387690844554
2026-03-11,37.329929144916406
2026-03-12,37.183515819447535
2026-03-13,37.30464339538311
2026-03-16,37.520671596740726
2026-03-17,37.55311134340115
2026-03-18,37.02542397763215
2026-03-19,36.92874726051558
2026-03-20,35.7645930391771
2026-03-23,35.92651547705459
2026-03-24,35.52750886515353
2026-03-25,35.53297401685585
2026-03-26,35.576017733687934
2026-03-27,35.31136643084282
2026-03-30,35.550912866897406
2026-03-31,35.98934417210114
2026-04-01,36.25527877430653
2026-04-02,36.73183859892945
2026-04-06,36.87016657998089
2026-04-07,36.67424656985946
2026-04-08,37.364189582194875
2026-04-09,37.74388552082646
2026-04-10,37.826215657946896
2026-04-13,37.790630762819
2026-04-14,38.09410053309923
2026-04-15,37.989153243063754
2026-04-16,38.033976714461254
2026-04-17,38.9914434030645
2026-04-20,38.84306669453192
2026-04-21,38.120442250061686
2026-04-22,37.92708567126916
2026-04-23,38.09609640604019
2026-04-24,37.8441812385432
2026-04-27,37.75444433427119
2026-04-28,36.90373573909511
2026-04-29,36.06146245440738
2026-04-30,36.23918719992699
2026-05-01,36.05257195638144
2026-05-04,35.7249345625274
2026-05-05,35.67655602896921
2026-05-06,35.83144121666899
2026-05-07,35.78722784392873
2026-05-08,35.59407253324225
2026-05-11,35.55985603005052
2026-05-12,35.58860050654042
2026-05-13,35.09000393954921
2026-05-14,35.28269353115472
2026-05-15,34.59529574770806
2026-05-18,35.00447625109656
2026-05-19,35.053547697442525
2026-05-20,35.43245468568734
2026-05-21,35.54388861807739
2026-05-22,35.54488081747578
2026-05-26,35.68772399739958
2026-05-27,35.639562005059915
2026-05-28,35.46675477454405
2026-05-29,35.104065824253766
2026-06-01,34.653602617737675
2026-06-02,34.535744530541514
2026-06-03,34.69489513267958
2026-06-04,35.42819400004091
2026-06-05,35.79603821158794
2026-06-08,35.18208050738171
2026-06-09,35.77916900137077
2026-06-10,35.89954692990245
2026-06-11,35.768454989697005
2026-06-12,36.149443408221096
2026-06-15,35.68359578922633
2026-06-16,35.671839455422
2026-06-17,34.964499405523625
2026-06-18,34.63904792743716
2026-06-22,34.63904792743716
2026-06-23,35.952229177095866
2026-06-24,35.92092975334499
2026-06-25,35.863094324912716
2026-06-26,36.48520926586153
2026-06-29,36.20447416413788
2026-06-30,35.44738697016285
2026-07-01,35.52660521697779
2026-07-02,36.08347340127616
2026-07-06,35.79883563797935
2026-07-07,36.10701172010885
2026-07-08,35.44702413742543
2026-07-09,35.561847929240336
2026-07-10,35.85022813571961
2026-07-13,35.97842431081252
2026-07-14,35.84825484654905
2026-07-15,35.85706820239294
2026-07-16,36.19370943066276
2026-07-17,36.04597591897591
2026-07-20,35.92394496711717
2026-07-21,35.81133786794225
2026-07-22,36.05535082485101
2026-07-23,36.349919945286956
2026-07-24,37.09571043993281
2026-07-27,37.275097968089916
2026-07-28,36.86475985389936
2026-07-29,36.7666680399434
2026-07-30,36.39545149460218
2026-07-31,36.38736913308897
2026-08-03,36.478943233563946
2026-08-04,36.489319411209024
2026-08-05,35.94820890809509
2026-08-06,35.81831567366202
2026-08-07,35.874954857403246
2026-08-10,35.336409298879644
2026-08-11,35.34798495271384
2026-08-12,35.40089173601693
2026-08-13,35.9980977245679
2026-08-14,36.05365265268686
2026-08-17,35.81388627711571
2026-08-18,35.82801948203882
2026-08-19,31.785134836545502
2026-08-20,31.817500458549983
