date,forward_pe
2008-01-01,79.1676
2008-01-02,78.6089
2008-01-03,75.905
2008-01-04,72.7933
2008-01-07,73.4916
2008-01-08,70.4972
2008-01-09,71.8603
2008-01-10,73.2458
2008-01-11,73.4246
2008-01-14,73.162
2008-01-15,70.7374
2008-01-16,72.1229
2008-01-17,70.6872
2008-01-18,70.0503
2008-01-21,70.0503
2008-01-22,72.8771
2008-01-23,79.5196
2008-01-24,77.838
2008-01-25,76.6034
2008-01-28,79.1844
2008-01-29,78.5028
2008-01-30,76.9497
2008-01-31,78.5251
2008-02-01,82.1508
2008-02-04,80.8045
2008-02-05,77.324
2008-02-06,76.1899
2008-02-07,77.905
2008-02-08,75.0279
2008-02-11,73.838
2008-02-12,76.3017
2008-02-13,76.4581
2008-02-14,74.9888
2008-02-15,75.5587
2008-02-18,75.5587
2008-02-19,74.7598
2008-02-20,76.0615
2008-02-21,74.3743
2008-02-22,76.3575
2008-02-25,79.1173
2008-02-26,79.0615
2008-02-27,78.4525
2008-02-28,76.7654
2008-02-29,75.1117
2008-03-03,75.8492
2008-03-04,75.5251
2008-03-05,75.9832
2008-03-06,72.7598
2008-03-07,73.9385
2008-03-10,72.3352
2008-03-11,77.5475
2008-03-12,75.8715
2008-03-13,76.8659
2008-03-14,75.0112
2008-03-17,74.7039
2008-03-18,78.8715
2008-03-19,78.1285
2008-03-20,82
2008-03-21,82
2008-03-24,83.5196
2008-03-25,84.0335
2008-03-26,82
2008-03-27,81.067
2008-03-28,80.3631
2008-03-31,80.6872
2008-04-01,106.8951
2008-04-02,106.7273
2008-04-03,108.8881
2008-04-04,106.7692
2008-04-07,107.0629
2008-04-08,105.0629
2008-04-09,102.7413
2008-04-10,103.7413
2008-04-11,102.3497
2008-04-14,101.4965
2008-04-15,102.7413
2008-04-16,107.1818
2008-04-17,107.7483
2008-04-18,107.6294
2008-04-21,106.4545
2008-04-22,105.9301
2008-04-23,107.7063
2008-04-24,110.1608
2008-04-25,110.5385
2008-04-28,110.3846
2008-04-29,108.3706
2008-04-30,106.3007
2008-05-01,109.3217
2008-05-02,109.5804
2008-05-05,109.2098
2008-05-06,110.0839
2008-05-07,106.4965
2008-05-08,106.2448
2008-05-09,105.0559
2008-05-12,107.951
2008-05-13,108.2727
2008-05-14,109.1608
2008-05-15,110.7063
2008-05-16,109.8881
2008-05-19,110.1888
2008-05-20,108.2587
2008-05-21,105.2657
2008-05-22,104.5874
2008-05-23,103.6573
2008-05-26,103.6573
2008-05-27,105.3497
2008-05-28,105.6364
2008-05-29,107.2867
2008-05-30,106.5874
2008-06-02,104.3776
2008-06-03,105.2028
2008-06-04,105.7552
2008-06-05,108.6294
2008-06-06,103.4825
2008-06-09,101.3986
2008-06-10,102.3986
2008-06-11,100.035
2008-06-12,101.2867
2008-06-13,103.6503
2008-06-16,104.993
2008-06-17,101.3147
2008-06-18,99.6993
2008-06-19,102.4476
2008-06-20,99.5315
2008-06-23,97.2867
2008-06-24,97.9231
2008-06-25,99.7692
2008-06-26,95.4056
2008-06-27,94.5944
2008-06-30,94.6713
2008-07-01,259.5577
2008-07-02,254.1538
2008-07-03,253.8462
2008-07-04,253.8462
2008-07-07,247.5385
2008-07-08,264.4038
2008-07-09,245.4615
2008-07-10,250.8846
2008-07-11,249.3654
2008-07-14,240.1923
2008-07-15,239.3846
2008-07-16,256.5385
2008-07-17,262.0962
2008-07-18,263.1538
2008-07-21,263.0769
2008-07-22,270.4038
2008-07-23,277.1346
2008-07-24,256.1154
2008-07-25,262.3269
2008-07-28,254.7308
2008-07-29,271.9038
2008-07-30,269.4231
2008-07-31,264.25
2008-08-01,263.2692
2008-08-04,259.7115
2008-08-05,273.6154
2008-08-06,272.1154
2008-08-07,263.7308
2008-08-08,276.25
2008-08-11,282.5385
2008-08-12,273.8077
2008-08-13,267.0577
2008-08-14,271.8846
2008-08-15,272.3077
2008-08-18,266.0577
2008-08-19,259.6731
2008-08-20,260.8462
2008-08-21,257.2692
2008-08-22,266.9038
2008-08-25,257
2008-08-26,260.3077
2008-08-27,262.25
2008-08-28,271.25
2008-08-29,267.9615
2008-09-01,267.9615
2008-09-02,270.7115
2008-09-03,274.6154
2008-09-04,265.8846
2008-09-05,267.3654
2008-09-08,280.7115
2008-09-09,267.4231
2008-09-10,268.0385
2008-09-11,271.5385
2008-09-12,275.0962
2008-09-15,246.4808
2008-09-16,266.4615
2008-09-17,248.7115
2008-09-18,280.1538
2008-09-19,282.75
2008-09-22,256
2008-09-23,257.3077
2008-09-24,253.8846
2008-09-25,258.75
2008-09-26,267.4808
2008-09-29,245.2308
2008-09-30,262.5769
2008-10-01,1021.5385
2008-10-02,948.1538
2008-10-03,904
2008-10-06,877.8462
2008-10-07,799.7692
2008-10-08,799.8462
2008-10-09,715.2308
2008-10-10,833.5385
2008-10-13,864.6923
2008-10-14,795.2308
2008-10-15,689.6923
2008-10-16,724.3077
2008-10-17,724.5385
2008-10-20,728.2308
2008-10-21,695.7692
2008-10-22,634.7692
2008-10-23,635.3846
2008-10-24,592.3077
2008-10-27,565.8462
2008-10-28,683.2308
2008-10-29,649.4615
2008-10-30,670.3077
2008-10-31,713.3077
2008-11-03,684.3846
2008-11-04,737.0769
2008-11-05,654.4615
2008-11-06,618.3077
2008-11-07,659.7692
2008-11-10,599.0769
2008-11-11,587.7692
2008-11-12,533.1538
2008-11-13,595
2008-11-14,533.0769
2008-11-17,510.3077
2008-11-18,506.5385
2008-11-19,440.8462
2008-11-20,405.3846
2008-11-21,437.0769
2008-11-24,525.2308
2008-11-25,527.3077
2008-11-26,551.3077
2008-11-27,551.3077
2008-11-28,529.6923
2008-12-01,431.8462
2008-12-02,491.3077
2008-12-03,520
2008-12-04,504.0769
2008-12-05,558.6154
2008-12-08,610.9231
2008-12-09,558.0769
2008-12-10,602.5385
2008-12-11,506.0769
2008-12-12,560.8462
2008-12-15,535.7692
2008-12-16,611.3846
2008-12-17,617
2008-12-18,560.6923
2008-12-19,589.0769
2008-12-22,567.3077
2008-12-23,566.5385
2008-12-24,573.9231
2008-12-25,573.9231
2008-12-26,579.3077
2008-12-29,549.4615
2008-12-30,572.6154
2008-12-31,599.7692
2009-01-01,78.7576
2009-01-02,76.798
2009-01-05,75
2009-01-06,79.3434
2009-01-07,75.8889
2009-01-08,75.2323
2009-01-09,71.2929
2009-01-12,66.697
2009-01-13,68.7071
2009-01-14,65.1515
2009-01-15,67.3636
2009-01-16,70.0505
2009-01-19,70.0505
2009-01-20,61.4949
2009-01-21,68.3838
2009-01-22,64.1515
2009-01-23,65.9394
2009-01-26,65.2626
2009-01-27,66.0707
2009-01-28,72.1515
2009-01-29,66.1515
2009-01-30,63.8586
2009-02-02,64.5051
2009-02-03,63.9495
2009-02-04,63.0606
2009-02-05,61.3131
2009-02-06,65.899
2009-02-09,66.6667
2009-02-10,60.0707
2009-02-11,61.5354
2009-02-12,60.3232
2009-02-13,56.0303
2009-02-16,56.0303
2009-02-17,51.9192
2009-02-18,53.1212
2009-02-19,50.5253
2009-02-20,53.9495
2009-02-23,49.5758
2009-02-24,53.9697
2009-02-25,52.7071
2009-02-26,49.7475
2009-02-27,49.0707
2009-03-02,45.1919
2009-03-03,45.7879
2009-03-04,46.7374
2009-03-05,43.5657
2009-03-06,43.3838
2009-03-09,44.8687
2009-03-10,51.7879
2009-03-11,50.2525
2009-03-12,54.3131
2009-03-13,52.6768
2009-03-16,48.0909
2009-03-17,52.1111
2009-03-18,54.7677
2009-03-19,51.5556
2009-03-20,47.1515
2009-03-23,55.4646
2009-03-24,50.5556
2009-03-25,51.4747
2009-03-26,52.8485
2009-03-27,49.7576
2009-03-30,46.0808
2009-03-31,50.0808
2009-04-01,74.3531
2009-04-02,80.1826
2009-04-03,87.8387
2009-04-06,86.8189
2009-04-07,78.4323
2009-04-08,80.3349
2009-04-09,91.796
2009-04-10,91.796
2009-04-13,92.5114
2009-04-14,84.0944
2009-04-15,92.1918
2009-04-16,95.8295
2009-04-17,97.5495
2009-04-20,86.4688
2009-04-21,96.0883
2009-04-22,91.0959
2009-04-23,96.5601
2009-04-24,102.0548
2009-04-27,94.688
2009-04-28,96.1187
2009-04-29,100.274
2009-04-30,101.7047
2009-05-01,97.2603
2009-05-04,105.8904
2009-05-05,101.9939
2009-05-06,106.4079
2009-05-07,99.4521
2009-05-08,107.1081
2009-05-11,101.8569
2009-05-12,100.8524
2009-05-13,94.1705
2009-05-14,97.8843
2009-05-15,93.7291
2009-05-18,102.5114
2009-05-19,99.9848
2009-05-20,98.5693
2009-05-21,98.5997
2009-05-22,96.5297
2009-05-25,96.5297
2009-05-26,102.7245
2009-05-27,98.7367
2009-05-28,101.6134
2009-05-29,104.5053
2009-06-01,108.7976
2009-06-02,105.8904
2009-06-03,105.9817
2009-06-04,109.5282
2009-06-05,107.1842
2009-06-08,107.4581
2009-06-09,107.3364
2009-06-10,105.2664
2009-06-11,103.105
2009-06-12,106.6971
2009-06-15,100.7306
2009-06-16,99.5586
2009-06-17,96.8341
2009-06-18,97.793
2009-06-19,98.7671
2009-06-22,92.7854
2009-06-23,94.4292
2009-06-24,96.2709
2009-06-25,97.793
2009-06-26,98.4323
2009-06-29,98.4627
2009-06-30,99.0563
2009-07-01,60.8078
2009-07-02,57.1681
2009-07-03,57.1681
2009-07-06,59.2758
2009-07-07,56.6481
2009-07-08,56.026
2009-07-09,55.2089
2009-07-10,55.1625
2009-07-13,57.6323
2009-07-14,58.1987
2009-07-15,60.2693
2009-07-16,60.6964
2009-07-17,59.0808
2009-07-20,61.6342
2009-07-21,61.2999
2009-07-22,61.3835
2009-07-23,64.0576
2009-07-24,64.364
2009-07-27,65.6175
2009-07-28,65.0232
2009-07-29,64.1876
2009-07-30,66.8617
2009-07-31,66.7781
2009-08-03,68.0037
2009-08-04,71.4578
2009-08-05,74.2154
2009-08-06,73.324
2009-08-07,77.4745
2009-08-10,75.506
2009-08-11,73.3333
2009-08-12,73.844
2009-08-13,73.8626
2009-08-14,73.1662
2009-08-17,68.7001
2009-08-18,69.9443
2009-08-19,69.3408
2009-08-20,72.1541
2009-08-21,73.7326
2009-08-24,73.0084
2009-08-25,73.8719
2009-08-26,74.1968
2009-08-27,74.8932
2009-08-28,75.2739
2009-08-31,74.1968
2009-09-01,69.9721
2009-09-02,69.0065
2009-09-03,70.2693
2009-09-04,71.2163
2009-09-07,71.2163
2009-09-08,73.8347
2009-09-09,75.3946
2009-09-10,76.416
2009-09-11,76.2674
2009-09-14,78.5701
2009-09-15,80.0464
2009-09-16,83.519
2009-09-17,83.0176
2009-09-18,83.4912
2009-09-21,81.7456
2009-09-22,84.494
2009-09-23,81.2535
2009-09-24,78.3101
2009-09-25,78.3751
2009-09-28,82.0149
2009-09-29,80.2321
2009-09-30,79.5915
2009-10-01,59.1878
2009-10-02,58.5787
2009-10-05,60.2248
2009-10-06,60.2683
2009-10-07,60.2538
2009-10-08,61.4286
2009-10-09,62.0957
2009-10-12,62.0885
2009-10-13,61.2328
2009-10-14,63.8144
2009-10-15,63.3938
2009-10-16,61.4938
2009-10-19,62.9007
2009-10-20,61.7912
2009-10-21,61.1168
2009-10-22,62.8789
2009-10-23,62.0232
2009-10-26,61.8202
2009-10-27,60.8339
2009-10-28,58.0856
2009-10-29,61.066
2009-10-30,59.9057
2009-11-02,60.3336
2009-11-03,61.1168
2009-11-04,59.5867
2009-11-05,60.7542
2009-11-06,59.6084
2009-11-09,62.6759
2009-11-10,62.3133
2009-11-11,63.6113
2009-11-12,62.7484
2009-11-13,63.6621
2009-11-16,65.1922
2009-11-17,64.1407
2009-11-18,65.504
2009-11-19,63.8941
2009-11-20,63.5098
2009-11-23,64.3437
2009-11-24,63.3067
2009-11-25,63.6476
2009-11-26,63.6476
2009-11-27,61.6389
2009-11-30,64.3872
2009-12-01,65.1632
2009-12-02,66.3162
2009-12-03,65.4967
2009-12-04,67.3604
2009-12-07,65.8521
2009-12-08,65.504
2009-12-09,65.4677
2009-12-10,65.4532
2009-12-11,66.3524
2009-12-14,67.4112
2009-12-15,66.6135
2009-12-16,67.0631
2009-12-17,66.5845
2009-12-18,67.0196
2009-12-21,68.1146
2009-12-22,68.876
2009-12-23,69.7389
2009-12-24,70.8122
2009-12-25,70.8122
2009-12-28,70.9427
2009-12-29,69.9492
2009-12-30,69.9782
2009-12-31,68.2959
2010-01-01,71.1867
2010-01-04,70.8919
2010-01-05,71.0809
2010-01-06,70.9297
2010-01-07,71.7687
2010-01-08,70.839
2010-01-11,71.2094
2010-01-12,69.8791
2010-01-13,71.353
2010-01-14,71.0809
2010-01-15,70.2646
2010-01-18,70.2646
2010-01-19,71.7989
2010-01-20,70.6727
2010-01-21,68.3673
2010-01-22,66.6667
2010-01-25,67.3394
2010-01-26,66.7649
2010-01-27,67.415
2010-01-28,66.9615
2010-01-29,66.6138
2010-02-01,68.0574
2010-02-02,69.3273
2010-02-03,68.1255
2010-02-04,65.3137
2010-02-05,66.7725
2010-02-08,65.0869
2010-02-09,65.1625
2010-02-10,65.1927
2010-02-11,65.7218
2010-02-12,66.0544
2010-02-15,66.0544
2010-02-16,68.1557
2010-02-17,68.7075
2010-02-18,69.743
2010-02-19,70.0756
2010-02-22,70.2343
2010-02-23,69.3726
2010-02-24,69.9849
2010-02-25,70.3023
2010-02-26,70.2948
2010-03-01,70.7937
2010-03-02,70.8617
2010-03-03,70.5745
2010-03-04,70.9977
2010-03-05,72.9554
2010-03-08,73.5979
2010-03-09,74.0514
2010-03-10,74.5276
2010-03-11,74.845
2010-03-12,75.6614
2010-03-15,75.4724
2010-03-16,77.3923
2010-03-17,78.7302
2010-03-18,78.2842
2010-03-19,77.4528
2010-03-22,78.4429
2010-03-23,78.2615
2010-03-24,78.6092
2010-03-25,78.8813
2010-03-26,78.5941
2010-03-29,78.7226
2010-03-30,78.7528
2010-03-31,77.8912
2010-04-01,75.1742
2010-04-02,75.1742
2010-04-05,76.7489
2010-04-06,78.2148
2010-04-07,76.1248
2010-04-08,76.2264
2010-04-09,77.5617
2010-04-12,76.8287
2010-04-13,78.7808
2010-04-14,78.672
2010-04-15,76.5239
2010-04-16,74.6009
2010-04-19,75.1016
2010-04-20,76.4006
2010-04-21,77.8592
2010-04-22,79.3106
2010-04-23,80.2395
2010-04-26,81.0087
2010-04-27,78.1713
2010-04-28,78.5341
2010-04-29,82.3512
2010-04-30,79.6009
2010-05-03,82.4746
2010-05-04,80.508
2010-05-05,79.1582
2010-05-06,76.0885
2010-05-07,74.9057
2010-05-10,80.1959
2010-05-11,80.1234
2010-05-12,81.0668
2010-05-13,79.7388
2010-05-14,76.9884
2010-05-17,77.2061
2010-05-18,74.9782
2010-05-19,74.3977
2010-05-20,71.1103
2010-05-21,73.8171
2010-05-24,72.0174
2010-05-25,72.9898
2010-05-26,72.5036
2010-05-27,76.6183
2010-05-28,75.2395
2010-05-31,75.2395
2010-06-01,74.0639
2010-06-02,75.7112
2010-06-03,75.254
2010-06-04,70.9507
2010-06-07,70.4935
2010-06-08,71.8868
2010-06-09,72.1916
2010-06-10,75.6676
2010-06-11,76.2554
2010-06-14,77.119
2010-06-15,78.9405
2010-06-16,78.3527
2010-06-17,78.5486
2010-06-18,78.1495
2010-06-21,77.7286
2010-06-22,75.3919
2010-06-23,75.8055
2010-06-24,73.7591
2010-06-25,76.0232
2010-06-28,74.8403
2010-06-29,72.2496
2010-06-30,71.3425
2010-07-01,64.4948
2010-07-02,63.1102
2010-07-05,63.1102
2010-07-06,62.0538
2010-07-07,65.2034
2010-07-08,65.9252
2010-07-09,66.916
2010-07-12,67.1588
2010-07-13,68.7533
2010-07-14,68.4318
2010-07-15,68.3661
2010-07-16,66.0105
2010-07-19,67.0866
2010-07-20,68.3924
2010-07-21,66.7913
2010-07-22,69.5735
2010-07-23,70.4068
2010-07-26,72.185
2010-07-27,71.8176
2010-07-28,71.8307
2010-07-29,70.9908
2010-07-30,71.4633
2010-08-02,74.0617
2010-08-03,73.2612
2010-08-04,73.7927
2010-08-05,72.8871
2010-08-06,72.5
2010-08-09,73.4318
2010-08-10,72.8084
2010-08-11,71.0171
2010-08-12,70.0525
2010-08-13,70.0394
2010-08-16,70.0394
2010-08-17,71.9948
2010-08-18,71.9685
2010-08-19,70.0459
2010-08-20,69.8491
2010-08-23,69.5341
2010-08-24,68.9895
2010-08-25,70.1772
2010-08-26,69.6654
2010-08-27,70.8727
2010-08-30,70.1575
2010-08-31,70.7743
2010-09-01,73.2218
2010-09-02,74.2782
2010-09-03,75.315
2010-09-06,75.315
2010-09-07,74.0879
2010-09-08,74.3504
2010-09-09,73.4777
2010-09-10,73.9304
2010-09-13,74.8163
2010-09-14,74.6391
2010-09-15,75.4265
2010-09-16,74.8163
2010-09-17,75.0197
2010-09-20,76.7913
2010-09-21,75.4134
2010-09-22,74.6785
2010-09-23,72.6378
2010-09-24,74.8885
2010-09-27,73.7795
2010-09-28,74.1076
2010-09-29,73.1693
2010-09-30,73.1955
2010-10-01,70.1875
2010-10-04,70.4312
2010-10-05,71.7062
2010-10-06,71.5312
2010-10-07,71.6375
2010-10-08,71.7625
2010-10-11,71.775
2010-10-12,72.4937
2010-10-13,73.2625
2010-10-14,72.9562
2010-10-15,72.8562
2010-10-18,73.65
2010-10-19,72.6
2010-10-20,74.2188
2010-10-21,74.0375
2010-10-22,73.8125
2010-10-25,74.0437
2010-10-26,73.5375
2010-10-27,72.8625
2010-10-28,72.425
2010-10-29,72.5938
2010-11-01,73.475
2010-11-02,73.9937
2010-11-03,73.8312
2010-11-04,75.8875
2010-11-05,76.7375
2010-11-08,76.45
2010-11-09,73.4375
2010-11-10,74.5312
2010-11-11,73.7562
2010-11-12,72.9312
2010-11-15,72.3375
2010-11-16,69.775
2010-11-17,70.3812
2010-11-18,71.075
2010-11-19,71.5188
2010-11-22,71.725
2010-11-23,71.0688
2010-11-24,72.5625
2010-11-25,72.5625
2010-11-26,72.0125
2010-11-29,71.9937
2010-11-30,71.7625
2010-12-01,72.4312
2010-12-02,73.7188
2010-12-03,73.9375
2010-12-06,73.9625
2010-12-07,74.2375
2010-12-08,72.9562
2010-12-09,72.4375
2010-12-10,73.1
2010-12-13,73.125
2010-12-14,72.4125
2010-12-15,71.6062
2010-12-16,71.6187
2010-12-17,72.3062
2010-12-20,73.4375
2010-12-21,74.25
2010-12-22,74.5812
2010-12-23,74.275
2010-12-24,74.275
2010-12-27,75.2812
2010-12-28,75.3625
2010-12-29,75.6125
2010-12-30,75.5625
2010-12-31,75.3624
2011-01-03,49.5286
2011-01-04,48.5485
2011-01-05,48.8747
2011-01-06,48.3648
2011-01-07,48.4115
2011-01-10,48.3731
2011-01-11,48.3932
2011-01-12,48.7598
2011-01-13,48.9099
2011-01-14,49.4072
2011-01-17,49.4089
2011-01-18,49.8259
2011-01-19,49.1641
2011-01-20,49.3024
2011-01-21,49.6747
2011-01-24,49.7544
2011-01-25,50.2831
2011-01-26,50.4155
2011-01-27,51.1666
2011-01-28,50.2801
2011-01-31,51.1103
2011-02-01,51.4126
2011-02-02,51.3712
2011-02-03,51.6066
2011-02-04,51.222
2011-02-07,51.6628
2011-02-08,51.9117
2011-02-09,51.9896
2011-02-10,52.1771
2011-02-11,52.603
2011-02-14,52.5479
2011-02-15,52.4468
2011-02-16,52.6205
2011-02-17,52.5687
2011-02-18,52.7906
2011-02-21,52.7905
2011-02-22,52.1246
2011-02-23,51.6792
2011-02-24,51.412
2011-02-25,52.347
2011-02-28,53.4014
2011-03-01,51.7263
2011-03-02,51.3186
2011-03-03,52.2102
2011-03-04,51.5733
2011-03-07,51.1904
2011-03-08,51.9826
2011-03-09,52.1545
2011-03-10,51.2752
2011-03-11,52.2067
2011-03-14,51.8219
2011-03-15,51.453
2011-03-16,50.5574
2011-03-17,51.1027
2011-03-18,51.4616
2011-03-21,52.0856
2011-03-22,51.6026
2011-03-23,51.042
2011-03-24,51.3649
2011-03-25,51.5756
2011-03-28,51.5668
2011-03-29,51.9505
2011-03-30,52.4357
2011-03-31,52.7661
2011-04-01,43.6503
2011-04-04,43.5993
2011-04-05,43.583
2011-04-06,43.4622
2011-04-07,43.0993
2011-04-08,42.7412
2011-04-11,42.7256
2011-04-12,42.5826
2011-04-13,42.5532
2011-04-14,43.148
2011-04-15,43.7177
2011-04-18,43.2439
2011-04-19,43.6187
2011-04-20,44.1341
2011-04-21,44.3925
2011-04-22,44.3932
2011-04-25,44.6735
2011-04-26,45.118
2011-04-27,45.3733
2011-04-28,45.865
2011-04-29,45.4533
2011-05-02,45.5034
2011-05-03,45.1786
2011-05-04,44.9622
2011-05-05,44.8439
2011-05-06,44.5495
2011-05-09,44.8129
2011-05-10,45.4695
2011-05-11,44.8595
2011-05-12,44.8702
2011-05-13,44.3266
2011-05-16,44.5371
2011-05-17,44.4388
2011-05-18,44.9514
2011-05-19,45.0337
2011-05-20,44.5201
2011-05-23,43.9486
2011-05-24,44.1586
2011-05-25,44.3673
2011-05-26,44.9581
2011-05-27,44.9528
2011-05-30,44.9536
2011-05-31,45.7152
2011-06-01,44.3518
2011-06-02,44.0896
2011-06-03,44.2855
2011-06-06,43.5789
2011-06-07,44.2568
2011-06-08,44.0813
2011-06-09,43.655
2011-06-10,42.5745
2011-06-13,42.7016
2011-06-14,43.3708
2011-06-15,42.5831
2011-06-16,42.9185
2011-06-17,43.3802
2011-06-20,43.8485
2011-06-21,44.2138
2011-06-22,43.9963
2011-06-23,43.1357
2011-06-24,43.0915
2011-06-27,43.4344
2011-06-28,43.75
2011-06-29,44.2714
2011-06-30,44.4507
2011-07-01,45.1706
2011-07-04,45.1704
2011-07-05,45.4007
2011-07-06,45.6183
2011-07-07,46.2159
2011-07-08,45.9899
2011-07-11,45.1218
2011-07-12,45.2874
2011-07-13,44.8424
2011-07-14,44.4139
2011-07-15,44.9133
2011-07-18,44.5299
2011-07-19,45.3316
2011-07-20,45.5568
2011-07-21,46.0465
2011-07-22,46.2614
2011-07-25,45.6883
2011-07-26,45.753
2011-07-27,44.511
2011-07-28,44.4736
2011-07-29,44.5496
2011-08-01,43.6557
2011-08-02,42.3964
2011-08-03,42.2066
2011-08-04,40.1165
2011-08-05,39.3422
2011-08-08,36.0078
2011-08-09,39.2869
2011-08-10,38.1138
2011-08-11,40.0827
2011-08-12,40.0164
2011-08-15,41.3035
2011-08-16,41.1372
2011-08-17,41.2705
2011-08-18,39.3497
2011-08-19,38.5979
2011-08-22,38.7029
2011-08-23,39.7102
2011-08-24,40.2498
2011-08-25,39.4715
2011-08-26,40.0932
2011-08-29,41.2691
2011-08-30,41.4295
2011-08-31,41.9434
2011-09-01,41.4164
2011-09-02,40.4395
2011-09-05,40.44
2011-09-06,40.3744
2011-09-07,41.9497
2011-09-08,41.5508
2011-09-09,40.1974
2011-09-12,40.3429
2011-09-13,40.4431
2011-09-14,40.721
2011-09-15,41.4146
2011-09-16,41.8132
2011-09-19,40.9084
2011-09-20,40.9822
2011-09-21,38.834
2011-09-22,37.8268
2011-09-23,38.2097
2011-09-26,38.7788
2011-09-27,39.037
2011-09-28,38.0543
2011-09-29,38.6558
2011-09-30,37.4617
2011-10-03,34.6564
2011-10-04,35.9422
2011-10-05,35.7481
2011-10-06,36.6978
2011-10-07,35.6831
2011-10-10,37.5375
2011-10-11,36.8479
2011-10-12,37.4919
2011-10-13,37.1005
2011-10-14,38.0731
2011-10-17,37.0676
2011-10-18,38.4282
2011-10-19,37.8557
2011-10-20,38.1388
2011-10-21,39.4457
2011-10-24,40.3735
2011-10-25,39.6806
2011-10-26,40.1601
2011-10-27,42.08
2011-10-28,42.3464
2011-10-31,41.8712
2011-11-01,40.3573
2011-11-02,41.1388
2011-11-03,41.6406
2011-11-04,41.0792
2011-11-07,41.22
2011-11-08,41.7124
2011-11-09,39.7334
2011-11-10,39.7871
2011-11-11,40.8559
2011-11-14,39.9328
2011-11-15,40.3442
2011-11-16,39.7607
2011-11-17,38.9697
2011-11-18,39.3265
2011-11-21,38.2726
2011-11-22,38.0884
2011-11-23,37.0794
2011-11-24,37.0799
2011-11-25,37.3146
2011-11-28,38.0739
2011-11-29,38.0193
2011-11-30,39.9851
2011-12-01,39.5038
2011-12-02,39.4831
2011-12-05,39.6887
2011-12-06,39.6656
2011-12-07,40.098
2011-12-08,39.1716
2011-12-09,40.0366
2011-12-12,39.1742
2011-12-13,38.7716
2011-12-14,39.0283
2011-12-15,39.557
2011-12-16,39.8615
2011-12-19,39.4105
2011-12-20,40.768
2011-12-21,40.8758
2011-12-22,41.5144
2011-12-23,41.7281
2011-12-26,41.7284
2011-12-27,41.9386
2011-12-28,41.3714
2011-12-29,41.774
2011-12-30,41.5803
2012-01-03,41.8423
2012-01-04,41.1343
2012-01-05,41.5131
2012-01-06,41.3145
2012-01-09,41.2211
2012-01-10,41.7972
2012-01-11,42.1495
2012-01-12,41.899
2012-01-13,42.0549
2012-01-17,42.339
2012-01-18,42.6002
2012-01-19,42.8416
2012-01-20,42.9396
2012-01-23,43.0964
2012-01-24,43.3873
2012-01-25,43.9443
2012-01-26,44.1916
2012-01-27,44.2807
2012-01-30,43.8323
2012-01-31,44.1177
2012-02-01,44.3681
2012-02-02,44.4124
2012-02-03,45.0573
2012-02-06,44.8263
2012-02-07,44.8
2012-02-08,44.868
2012-02-09,44.5624
2012-02-10,44.1363
2012-02-13,44.6284
2012-02-14,44.0863
2012-02-15,43.835
2012-02-16,44.2377
2012-02-17,44.258
2012-02-21,43.6932
2012-02-22,43.3582
2012-02-23,43.8841
2012-02-24,43.927
2012-02-27,43.8573
2012-02-28,43.4661
2012-02-29,43.3681
2012-03-01,43.646
2012-03-02,43.6555
2012-03-05,43.9347
2012-03-06,43.2779
2012-03-07,43.4844
2012-03-08,43.3643
2012-03-09,43.6012
2012-03-12,43.8763
2012-03-13,44.8111
2012-03-14,44.7347
2012-03-15,44.7684
2012-03-16,44.9996
2012-03-19,45.3901
2012-03-20,45.2263
2012-03-21,45.106
2012-03-22,44.5384
2012-03-23,44.7506
2012-03-26,45.1514
2012-03-27,45.1364
2012-03-28,44.9759
2012-03-29,44.9658
2012-03-30,45.396
2012-04-02,47.6746
2012-04-03,47.3756
2012-04-04,46.8189
2012-04-05,46.6729
2012-04-09,46.1382
2012-04-10,45.1923
2012-04-11,45.8484
2012-04-12,46.5651
2012-04-13,46.1842
2012-04-16,46.8582
2012-04-17,47.2896
2012-04-18,46.9401
2012-04-19,46.9094
2012-04-20,47.4506
2012-04-23,46.7945
2012-04-24,47.556
2012-04-25,48.1078
2012-04-26,48.2323
2012-04-27,48.5646
2012-04-30,48.5245
2012-05-01,49.0005
2012-05-02,48.9094
2012-05-03,48.6293
2012-05-04,48.1366
2012-05-07,48.5538
2012-05-08,48.4371
2012-05-09,48.2139
2012-05-10,48.283
2012-05-11,48.4164
2012-05-14,47.8032
2012-05-15,47.5736
2012-05-16,46.8859
2012-05-17,45.6532
2012-05-18,45.2066
2012-05-21,46.2733
2012-05-22,46.3042
2012-05-23,46.4354
2012-05-24,46.6253
2012-05-25,46.4276
2012-05-29,47.1391
2012-05-30,46.0232
2012-05-31,46.3429
2012-06-01,45.0578
2012-06-04,44.8241
2012-06-05,45.6095
2012-06-06,46.6828
2012-06-07,46.4711
2012-06-08,47.0741
2012-06-11,46.162
2012-06-12,46.6397
2012-06-13,46.3331
2012-06-14,46.9675
2012-06-15,47.3037
2012-06-18,47.6722
2012-06-19,47.8878
2012-06-20,47.8362
2012-06-21,46.9746
2012-06-22,46.9864
2012-06-25,46.7146
2012-06-26,47.0125
2012-06-27,47.2565
2012-06-28,47.6855
2012-06-29,48.9082
2012-07-02,45.3412
2012-07-03,45.5611
2012-07-05,45.186
2012-07-06,45.2826
2012-07-09,45.4272
2012-07-10,44.7806
2012-07-11,45.0481
2012-07-12,45.1826
2012-07-13,45.8599
2012-07-16,45.9684
2012-07-17,46.4175
2012-07-18,45.9983
2012-07-19,45.7083
2012-07-20,45.4349
2012-07-23,45.1224
2012-07-24,44.9579
2012-07-25,44.9139
2012-07-26,45.4236
2012-07-27,46.0474
2012-07-30,46.118
2012-07-31,46.0574
2012-08-01,45.9724
2012-08-02,46.0114
2012-08-03,46.4277
2012-08-06,46.2534
2012-08-07,45.6867
2012-08-08,45.2619
2012-08-09,45.0907
2012-08-10,45.1776
2012-08-13,45.1536
2012-08-14,45.1425
2012-08-15,45.2778
2012-08-16,45.6389
2012-08-17,45.6826
2012-08-20,45.527
2012-08-21,45.4902
2012-08-22,45.4578
2012-08-23,45.0878
2012-08-24,45.3061
2012-08-27,45.4474
2012-08-28,45.5205
2012-08-29,45.522
2012-08-30,45.47
2012-08-31,45.6641
2012-09-04,45.9012
2012-09-05,45.8133
2012-09-06,46.2895
2012-09-07,46.3245
2012-09-10,45.8429
2012-09-11,46.0984
2012-09-12,46.2964
2012-09-13,47.0777
2012-09-14,47.179
2012-09-17,47.0776
2012-09-18,46.5068
2012-09-19,46.2918
2012-09-20,45.6929
2012-09-21,45.701
2012-09-24,45.6566
2012-09-25,44.9505
2012-09-26,44.8855
2012-09-27,45.1495
2012-09-28,45.0741
2012-10-01,45.4025
2012-10-02,45.7232
2012-10-03,45.9491
2012-10-04,45.7869
2012-10-05,45.9813
2012-10-08,45.8477
2012-10-09,45.599
2012-10-10,45.7921
2012-10-11,45.7038
2012-10-12,45.5771
2012-10-15,46.173
2012-10-16,46.3391
2012-10-17,46.2446
2012-10-18,46.8507
2012-10-19,46.3757
2012-10-22,46.2003
2012-10-23,45.7393
2012-10-24,45.6991
2012-10-25,45.5237
2012-10-26,45.2934
2012-10-31,45.7707
2012-11-01,45.7969
2012-11-02,46.075
2012-11-05,45.735
2012-11-06,45.9658
2012-11-07,45.9514
2012-11-08,45.3468
2012-11-09,45.2681
2012-11-12,45.2164
2012-11-13,45.1902
2012-11-14,44.3105
2012-11-15,44.0155
2012-11-16,44.3662
2012-11-19,44.8858
2012-11-20,45.0789
2012-11-21,44.9963
2012-11-23,45.4305
2012-11-26,45.4091
2012-11-27,45.1402
2012-11-28,45.0805
2012-11-29,45.3041
2012-11-30,45.4338
2012-12-03,45.5167
2012-12-04,45.5306
2012-12-05,45.327
2012-12-06,45.8722
2012-12-07,46.0925
2012-12-10,46.0417
2012-12-11,46.1567
2012-12-12,46.1923
2012-12-13,45.7045
2012-12-14,45.7463
2012-12-17,46.1169
2012-12-18,46.5867
2012-12-19,46.3493
2012-12-20,47.0649
2012-12-21,46.8536
2012-12-24,46.993
2012-12-26,46.6476
2012-12-27,46.783
2012-12-28,46.3607
2012-12-31,46.9602
2013-01-02,46.3288
2013-01-03,46.1942
2013-01-04,46.4141
2013-01-07,46.5029
2013-01-08,46.457
2013-01-09,46.6415
2013-01-10,46.8074
2013-01-11,46.8024
2013-01-14,46.8384
2013-01-15,47.0737
2013-01-16,46.9057
2013-01-17,47.0475
2013-01-18,47.2625
2013-01-22,47.487
2013-01-23,47.5461
2013-01-24,47.7185
2013-01-25,47.9252
2013-01-28,47.8194
2013-01-29,47.9332
2013-01-30,47.364
2013-01-31,46.9495
2013-02-01,47.1553
2013-02-04,47.0732
2013-02-05,47.0709
2013-02-06,47.1072
2013-02-07,46.935
2013-02-08,47.4405
2013-02-11,47.521
2013-02-12,47.7191
2013-02-13,47.5596
2013-02-14,47.3442
2013-02-15,47.4815
2013-02-19,47.7418
2013-02-20,47.3572
2013-02-21,46.9769
2013-02-22,47.4992
2013-02-25,46.5573
2013-02-26,46.918
2013-02-27,47.3129
2013-02-28,47.2071
2013-03-01,47.4431
2013-03-04,47.8522
2013-03-05,48.1653
2013-03-06,47.8763
2013-03-07,47.5468
2013-03-08,47.5136
2013-03-11,47.6549
2013-03-12,47.437
2013-03-13,47.4622
2013-03-14,47.7529
2013-03-15,47.6483
2013-03-18,47.3384
2013-03-19,47.0785
2013-03-20,47.3875
2013-03-21,47.215
2013-03-22,47.5221
2013-03-25,47.5027
2013-03-26,47.8083
2013-03-27,47.8874
2013-03-28,48.1247
2013-04-01,47.1283
2013-04-02,47.4155
2013-04-03,47.2137
2013-04-04,47.9746
2013-04-05,48.0758
2013-04-08,48.6465
2013-04-09,48.6667
2013-04-10,49.0149
2013-04-11,49.3785
2013-04-12,49.4545
2013-04-15,48.4532
2013-04-16,49.2635
2013-04-17,48.7121
2013-04-18,48.6213
2013-04-19,49.3898
2013-04-22,49.3136
2013-04-23,49.651
2013-04-24,49.8113
2013-04-25,49.7282
2013-04-26,49.4727
2013-04-29,49.7779
2013-04-30,50.2187
2013-05-01,49.968
2013-05-02,50.1573
2013-05-03,50.2242
2013-05-06,50.3874
2013-05-07,50.616
2013-05-08,50.5826
2013-05-09,50.2759
2013-05-10,50.4436
2013-05-13,50.5673
2013-05-14,50.9016
2013-05-15,51.3503
2013-05-16,51.0126
2013-05-17,51.4343
2013-05-20,51.4792
2013-05-21,51.8596
2013-05-22,50.6599
2013-05-23,49.8203
2013-05-24,49.7257
2013-05-28,49.3172
2013-05-29,48.2635
2013-05-30,47.7144
2013-05-31,47.0625
2013-06-03,47.3661
2013-06-04,46.7655
2013-06-05,46.1904
2013-06-06,47.0428
2013-06-07,47.1408
2013-06-10,46.5303
2013-06-11,45.847
2013-06-12,45.1882
2013-06-13,46.4894
2013-06-14,46.5825
2013-06-17,46.8158
2013-06-18,46.8426
2013-06-19,45.2736
2013-06-20,43.3467
2013-06-21,44.1754
2013-06-24,43.9485
2013-06-25,44.791
2013-06-26,45.3298
2013-06-27,46.1037
2013-06-28,45.7896
2013-07-01,41.9916
2013-07-02,42.6574
2013-07-03,42.2121
2013-07-05,42.1261
2013-07-08,42.1745
2013-07-09,42.7782
2013-07-10,42.8508
2013-07-11,43.9579
2013-07-12,43.7698
2013-07-15,43.7573
2013-07-16,43.6992
2013-07-17,43.8305
2013-07-18,44.2031
2013-07-19,44.1508
2013-07-22,44.2213
2013-07-23,44.1568
2013-07-24,43.3373
2013-07-25,43.3054
2013-07-26,43.3839
2013-07-29,43.0202
2013-07-30,42.9054
2013-07-31,42.2684
2013-08-01,42.0659
2013-08-02,41.8715
2013-08-05,41.838
2013-08-06,41.6951
2013-08-07,41.4601
2013-08-08,41.396
2013-08-09,41.7884
2013-08-12,41.442
2013-08-13,40.8844
2013-08-14,40.7431
2013-08-15,40.0002
2013-08-16,39.1077
2013-08-19,38.7333
2013-08-20,39.5479
2013-08-21,39.5403
2013-08-22,39.7283
2013-08-23,40.1966
2013-08-26,40.0788
2013-08-27,39.9196
2013-08-28,39.7775
2013-08-29,39.8036
2013-08-30,39.641
2013-09-03,39.3835
2013-09-04,39.6168
2013-09-05,39.2713
2013-09-06,40.1024
2013-09-09,41.009
2013-09-10,40.9694
2013-09-11,41.1536
2013-09-12,40.8107
2013-09-13,40.8661
2013-09-16,41.4137
2013-09-17,41.3298
2013-09-18,42.7496
2013-09-19,42.6188
2013-09-20,41.8084
2013-09-23,41.4871
2013-09-24,41.1597
2013-09-25,41.3347
2013-09-26,41.5834
2013-09-27,41.3897
2013-09-30,40.9114
2013-10-01,36.799
2013-10-02,36.8901
2013-10-03,36.2263
2013-10-04,36.1375
2013-10-07,36.2586
2013-10-08,35.8653
2013-10-09,35.8807
2013-10-10,36.8115
2013-10-11,37.1772
2013-10-14,37.1482
2013-10-15,36.9854
2013-10-16,37.8224
2013-10-17,38.3609
2013-10-18,38.22
2013-10-21,38.0512
2013-10-22,38.5073
2013-10-23,38.3616
2013-10-24,38.3888
2013-10-25,38.8552
2013-10-28,38.4758
2013-10-29,38.1831
2013-10-30,37.8846
2013-10-31,37.5994
2013-11-01,37.8801
2013-11-04,37.9699
2013-11-05,37.3264
2013-11-06,37.4048
2013-11-07,36.9178
2013-11-08,36.5294
2013-11-11,36.4925
2013-11-12,36.2328
2013-11-13,36.4137
2013-11-14,36.7323
2013-11-15,36.853
2013-11-18,36.5963
2013-11-19,36.3504
2013-11-20,35.9682
2013-11-21,36.1616
2013-11-22,35.9974
2013-11-25,35.7931
2013-11-26,35.7398
2013-11-27,36.1633
2013-11-29,35.7214
2013-12-02,35.5776
2013-12-03,35.4904
2013-12-04,35.6833
2013-12-05,35.7685
2013-12-06,36.1247
2013-12-09,36.3622
2013-12-10,36.363
2013-12-11,35.545
2013-12-12,35.2636
2013-12-13,35.4346
2013-12-16,35.5109
2013-12-17,35.5655
2013-12-18,36.2742
2013-12-19,35.8782
2013-12-20,36.0691
2013-12-23,36.0805
2013-12-24,36.1101
2013-12-26,36.1618
2013-12-27,36.1098
2013-12-30,36.2179
2013-12-31,36.0657
2014-01-02,27.8028
2014-01-03,27.9546
2014-01-06,28.0967
2014-01-07,28.2038
2014-01-08,28.1793
2014-01-09,28.2244
2014-01-10,28.586
2014-01-13,28.3597
2014-01-14,28.5448
2014-01-15,28.6878
2014-01-16,28.7596
2014-01-17,28.6201
2014-01-21,28.8133
2014-01-22,28.852
2014-01-23,28.6342
2014-01-24,28.1535
2014-01-27,28.0465
2014-01-28,28.3305
2014-01-29,28.1607
2014-01-30,28.5969
2014-01-31,28.6965
2014-02-03,28.2284
2014-02-04,28.529
2014-02-05,28.4868
2014-02-06,28.7028
2014-02-07,28.9394
2014-02-10,29.2204
2014-02-11,29.3479
2014-02-12,29.2831
2014-02-13,29.4254
2014-02-14,29.5393
2014-02-18,29.6386
2014-02-19,29.6279
2014-02-20,29.5992
2014-02-21,29.5327
2014-02-24,29.6136
2014-02-25,29.5189
2014-02-26,29.6157
2014-02-27,29.5801
2014-02-28,29.7616
2014-03-03,29.7247
2014-03-04,30.1195
2014-03-05,30.0219
2014-03-06,29.9376
2014-03-07,29.6612
2014-03-10,29.5144
2014-03-11,29.6942
2014-03-12,29.6977
2014-03-13,29.5531
2014-03-14,29.5759
2014-03-17,29.6584
2014-03-18,29.7812
2014-03-19,29.2332
2014-03-20,29.3445
2014-03-21,29.5238
2014-03-24,29.3536
2014-03-25,29.5781
2014-03-26,29.2521
2014-03-27,29.4178
2014-03-28,29.687
2014-03-31,29.8249
2014-04-01,27.0478
2014-04-02,27.0505
2014-04-03,27.0255
2014-04-04,27.1145
2014-04-07,27.1945
2014-04-08,27.3393
2014-04-09,27.2965
2014-04-10,27.0286
2014-04-11,26.8412
2014-04-14,27.0383
2014-04-15,27.3125
2014-04-16,27.5064
2014-04-17,27.4194
2014-04-21,27.5394
2014-04-22,27.5832
2014-04-23,27.523
2014-04-24,27.5938
2014-04-25,27.5053
2014-04-28,27.7273
2014-04-29,27.752
2014-04-30,27.8551
2014-05-01,28.1034
2014-05-02,28.0811
2014-05-05,28.2904
2014-05-06,28.1639
2014-05-07,28.5019
2014-05-08,28.5038
2014-05-09,28.4927
2014-05-12,28.5408
2014-05-13,28.3786
2014-05-14,28.4258
2014-05-15,28.4032
2014-05-16,28.6154
2014-05-19,28.4701
2014-05-20,28.3795
2014-05-21,28.2949
2014-05-22,28.2287
2014-05-23,28.4405
2014-05-27,28.6206
2014-05-28,28.4615
2014-05-29,28.5248
2014-05-30,28.7053
2014-06-02,28.6764
2014-06-03,28.5897
2014-06-04,28.6311
2014-06-05,29.0834
2014-06-06,28.9857
2014-06-09,28.6292
2014-06-10,28.435
2014-06-11,28.3374
2014-06-12,28.2173
2014-06-13,28.2767
2014-06-16,28.1349
2014-06-17,28.1728
2014-06-18,28.3327
2014-06-19,28.5198
2014-06-20,28.6144
2014-06-23,28.581
2014-06-24,28.6315
2014-06-25,28.6083
2014-06-26,28.533
2014-06-27,28.6984
2014-06-30,28.6799
2014-07-01,27.738
2014-07-02,27.7058
2014-07-03,27.6329
2014-07-07,27.714
2014-07-08,27.7541
2014-07-09,27.8208
2014-07-10,27.9082
2014-07-11,27.9131
2014-07-14,28.0421
2014-07-15,28.0564
2014-07-16,28.1812
2014-07-17,27.9985
2014-07-18,28.2864
2014-07-21,28.1762
2014-07-22,28.3242
2014-07-23,28.3428
2014-07-24,28.3289
2014-07-25,28.1147
2014-07-28,28.3517
2014-07-29,28.1758
2014-07-30,28.2396
2014-07-31,27.8078
2014-08-01,27.7607
2014-08-04,27.9204
2014-08-05,27.6298
2014-08-06,27.7016
2014-08-07,27.7089
2014-08-08,27.9125
2014-08-11,28.0515
2014-08-12,27.98
2014-08-13,28.2901
2014-08-14,28.3251
2014-08-15,28.3213
2014-08-18,28.6003
2014-08-19,28.6616
2014-08-20,28.7564
2014-08-21,28.7794
2014-08-22,28.5725
2014-08-25,28.555
2014-08-26,28.5502
2014-08-27,28.6076
2014-08-28,28.5835
2014-08-29,28.7095
2014-09-02,28.6996
2014-09-03,28.7464
2014-09-04,28.6963
2014-09-05,29.0064
2014-09-08,28.9484
2014-09-09,28.7772
2014-09-10,28.3424
2014-09-11,28.3537
2014-09-12,27.5248
2014-09-15,27.4562
2014-09-16,27.6857
2014-09-17,27.6751
2014-09-18,27.485
2014-09-19,27.4897
2014-09-22,27.29
2014-09-23,27.1564
2014-09-24,27.1269
2014-09-25,26.9748
2014-09-26,27.2366
2014-09-29,27.2396
2014-09-30,27.1655
2014-10-01,26.9803
2014-10-02,26.9836
2014-10-03,27.1774
2014-10-06,27.2073
2014-10-07,26.9898
2014-10-08,27.54
2014-10-09,27.5079
2014-10-10,27.5492
2014-10-13,27.4535
2014-10-14,27.9001
2014-10-15,27.6748
2014-10-16,27.699
2014-10-17,27.9047
2014-10-20,28.2699
2014-10-21,28.5847
2014-10-22,28.5151
2014-10-23,28.7289
2014-10-24,28.7507
2014-10-27,28.8994
2014-10-28,28.9785
2014-10-29,28.8447
2014-10-30,29.1322
2014-10-31,29.3729
2014-11-03,29.6359
2014-11-04,29.6594
2014-11-05,29.6338
2014-11-06,29.4437
2014-11-07,29.419
2014-11-10,29.6286
2014-11-11,29.5306
2014-11-12,29.3678
2014-11-13,29.5334
2014-11-14,29.3334
2014-11-17,29.4673
2014-11-18,29.6402
2014-11-19,29.4771
2014-11-20,29.554
2014-11-21,29.8144
2014-11-24,29.8816
2014-11-25,29.9805
2014-11-26,30.2027
2014-11-28,30.3202
2014-12-01,30.3018
2014-12-02,30.358
2014-12-03,30.2883
2014-12-04,30.3247
2014-12-05,30.1142
2014-12-08,30.3353
2014-12-09,30.4457
2014-12-10,30.4189
2014-12-11,30.392
2014-12-12,30.1114
2014-12-15,29.8516
2014-12-16,29.6684
2014-12-17,30.2539
2014-12-18,30.5535
2014-12-19,30.6001
2014-12-22,31.0842
2014-12-23,30.9894
2014-12-24,30.8272
2014-12-26,30.9171
2014-12-29,31.0124
2014-12-30,30.9286
2014-12-31,30.4522
2015-01-02,34.9565
2015-01-05,35.0231
2015-01-06,35.4002
2015-01-07,35.9356
2015-01-08,36.1177
2015-01-09,36.1699
2015-01-12,36.3547
2015-01-13,36.2493
2015-01-14,36.459
2015-01-15,36.5509
2015-01-16,36.8202
2015-01-20,36.5817
2015-01-21,36.4639
2015-01-22,37.2084
2015-01-23,37.2096
2015-01-26,37.4941
2015-01-27,37.4285
2015-01-28,37.1248
2015-01-29,37.1522
2015-01-30,36.4729
2015-02-02,36.5134
2015-02-03,36.7923
2015-02-04,36.6292
2015-02-05,37.0663
2015-02-06,36.0386
2015-02-09,35.8984
2015-02-10,36.0674
2015-02-11,35.9201
2015-02-12,36.2624
2015-02-13,36.0238
2015-02-17,35.9425
2015-02-18,36.2402
2015-02-19,35.4592
2015-02-20,35.8214
2015-02-23,36.0674
2015-02-24,35.3002
2015-02-25,35.3904
2015-02-26,35.0916
2015-02-27,35.3524
2015-03-02,35.5117
2015-03-03,35.3897
2015-03-04,35.054
2015-03-05,35.232
2015-03-06,34.1671
2015-03-09,34.4189
2015-03-10,34.257
2015-03-11,34.2361
2015-03-12,34.8151
2015-03-13,34.6836
2015-03-16,35.114
2015-03-17,34.9723
2015-03-18,35.6968
2015-03-19,35.6043
2015-03-20,36.4245
2015-03-23,36.4099
2015-03-24,36.1722
2015-03-25,35.5204
2015-03-26,35.3474
2015-03-27,35.4245
2015-03-30,35.8309
2015-03-31,35.4575
2015-04-01,29.7339
2015-04-02,29.9461
2015-04-06,30.2837
2015-04-07,29.8442
2015-04-08,29.8654
2015-04-09,29.3497
2015-04-10,29.284
2015-04-13,29.1946
2015-04-14,29.3126
2015-04-15,29.1893
2015-04-16,29.34
2015-04-17,29.1821
2015-04-20,29.2299
2015-04-21,29.2046
2015-04-22,29.2669
2015-04-23,29.3233
2015-04-24,29.3428
2015-04-27,29.313
2015-04-28,29.2993
2015-04-29,28.6763
2015-04-30,28.2987
2015-05-01,28.5043
2015-05-04,28.5321
2015-05-05,27.9211
2015-05-06,27.8491
2015-05-07,28.2553
2015-05-08,28.6914
2015-05-11,28.2704
2015-05-12,28.3107
2015-05-13,28.0478
2015-05-14,28.5606
2015-05-15,28.8089
2015-05-18,28.6924
2015-05-19,28.6658
2015-05-20,28.5733
2015-05-21,28.408
2015-05-22,28.4251
2015-05-26,28.2552
2015-05-27,28.5036
2015-05-28,28.4193
2015-05-29,28.1132
2015-06-01,28.4326
2015-06-02,28.2064
2015-06-03,27.7758
2015-06-04,27.8011
2015-06-05,27.441
2015-06-08,27.3764
2015-06-09,27.1774
2015-06-10,27.3846
2015-06-11,27.5475
2015-06-12,27.4859
2015-06-15,27.3421
2015-06-16,27.5911
2015-06-17,27.7908
2015-06-18,28.1683
2015-06-19,27.8696
2015-06-22,27.6334
2015-06-23,27.4626
2015-06-24,27.2913
2015-06-25,27.0472
2015-06-26,27.1884
2015-06-29,26.7275
2015-06-30,26.8018
2015-07-01,26.5267
2015-07-02,26.614
2015-07-06,26.6839
2015-07-07,27.1105
2015-07-08,26.9489
2015-07-09,26.8854
2015-07-10,27.0675
2015-07-13,27.1032
2015-07-14,27.1564
2015-07-15,27.2004
2015-07-16,27.4286
2015-07-17,27.2744
2015-07-20,27.361
2015-07-21,27.2569
2015-07-22,27.3451
2015-07-23,27.2186
2015-07-24,27.3188
2015-07-27,27.4073
2015-07-28,27.4946
2015-07-29,27.5692
2015-07-30,27.4071
2015-07-31,27.5712
2015-08-03,27.7135
2015-08-04,27.5994
2015-08-05,27.5349
2015-08-06,27.6218
2015-08-07,27.7448
2015-08-10,27.7087
2015-08-11,27.9018
2015-08-12,27.9936
2015-08-13,28.0218
2015-08-14,28.1856
2015-08-17,28.3841
2015-08-18,28.4036
2015-08-19,28.2399
2015-08-20,28.0012
2015-08-21,27.4686
2015-08-24,26.1525
2015-08-25,25.4243
2015-08-26,26.1515
2015-08-27,26.7087
2015-08-28,26.6403
2015-08-31,26.0792
2015-09-01,25.5464
2015-09-02,25.8521
2015-09-03,25.9152
2015-09-04,25.3799
2015-09-08,25.7957
2015-09-09,25.4373
2015-09-10,25.4859
2015-09-11,25.8652
2015-09-14,25.8298
2015-09-15,26.0743
2015-09-16,26.3902
2015-09-17,26.6375
2015-09-18,26.5649
2015-09-21,26.7726
2015-09-22,26.4316
2015-09-23,26.5359
2015-09-24,26.2665
2015-09-25,26.47
2015-09-28,25.9527
2015-09-29,26.2778
2015-09-30,26.5421
2015-10-01,25.9447
2015-10-02,26.1574
2015-10-05,26.6491
2015-10-06,26.5467
2015-10-07,26.7819
2015-10-08,27.0072
2015-10-09,26.9437
2015-10-12,27.0942
2015-10-13,26.8929
2015-10-14,26.6987
2015-10-15,27.0759
2015-10-16,27.3452
2015-10-19,27.7105
2015-10-20,27.6792
2015-10-21,27.6429
2015-10-22,28.0399
2015-10-23,27.7047
2015-10-26,27.7544
2015-10-27,27.74
2015-10-28,27.7859
2015-10-29,27.7928
2015-10-30,27.5833
2015-11-02,28.2304
2015-11-03,27.9386
2015-11-04,27.7778
2015-11-05,27.7745
2015-11-06,26.8753
2015-11-09,26.5287
2015-11-10,26.7408
2015-11-11,26.8027
2015-11-12,26.6234
2015-11-13,26.2904
2015-11-16,26.6317
2015-11-17,26.6679
2015-11-18,27.0128
2015-11-19,27.1041
2015-11-20,27.4143
2015-11-23,27.4309
2015-11-24,27.2474
2015-11-25,27.3488
2015-11-27,27.5451
2015-11-30,27.3212
2015-12-01,27.7494
2015-12-02,27.1812
2015-12-03,26.7933
2015-12-04,27.3424
2015-12-07,27.318
2015-12-08,27.2928
2015-12-09,27.0828
2015-12-10,26.8549
2015-12-11,26.7596
2015-12-14,26.9105
2015-12-15,27.1977
2015-12-16,27.7249
2015-12-17,27.53
2015-12-18,27.1245
2015-12-21,27.2942
2015-12-22,27.4239
2015-12-23,27.7675
2015-12-24,27.7553
2015-12-28,27.8877
2015-12-29,28.1564
2015-12-30,27.9958
2015-12-31,27.7692
2016-01-04,25.499
2016-01-05,26.0171
2016-01-06,25.8447
2016-01-07,25.3194
2016-01-08,24.9704
2016-01-11,25.1001
2016-01-12,24.9733
2016-01-13,24.6113
2016-01-14,24.6206
2016-01-15,24.3073
2016-01-19,24.4802
2016-01-20,23.7357
2016-01-21,23.9414
2016-01-22,24.5759
2016-01-25,24.3562
2016-01-26,24.8351
2016-01-27,24.3865
2016-01-28,24.1577
2016-01-29,24.6191
2016-02-01,24.655
2016-02-02,24.3822
2016-02-03,24.4857
2016-02-04,24.5017
2016-02-05,23.8283
2016-02-08,23.1061
2016-02-09,22.6873
2016-02-10,22.8251
2016-02-11,22.5334
2016-02-12,22.8359
2016-02-16,23.2266
2016-02-17,23.4522
2016-02-18,23.6671
2016-02-19,23.7549
2016-02-22,24.0538
2016-02-23,23.9809
2016-02-24,23.9666
2016-02-25,24.3893
2016-02-26,24.3086
2016-02-29,24.293
2016-03-01,24.9892
2016-03-02,25.1294
2016-03-03,25.2137
2016-03-04,25.2594
2016-03-07,25.2851
2016-03-08,25.0475
2016-03-09,25.1515
2016-03-10,25.117
2016-03-11,25.7612
2016-03-14,25.7291
2016-03-15,25.7584
2016-03-16,26.0057
2016-03-17,26.4195
2016-03-18,26.3039
2016-03-21,26.1096
2016-03-22,26.1074
2016-03-23,25.982
2016-03-24,25.9937
2016-03-28,26.2161
2016-03-29,26.6817
2016-03-30,26.6117
2016-03-31,26.7523
2016-04-01,31.9167
2016-04-04,31.9188
2016-04-05,31.7026
2016-04-06,31.8243
2016-04-07,31.6215
2016-04-08,31.8143
2016-04-11,31.6837
2016-04-12,31.8992
2016-04-13,31.7744
2016-04-14,31.5604
2016-04-15,31.7633
2016-04-18,31.949
2016-04-19,31.9352
2016-04-20,31.4526
2016-04-21,30.89
2016-04-22,31.2773
2016-04-25,31.4683
2016-04-26,31.5597
2016-04-27,31.4604
2016-04-28,31.3411
2016-04-29,31.1232
2016-05-02,31.5765
2016-05-03,31.5433
2016-05-04,31.9775
2016-05-05,32.0615
2016-05-06,32.3148
2016-05-09,32.5697
2016-05-10,32.6581
2016-05-11,31.9137
2016-05-12,32.136
2016-05-13,31.7512
2016-05-16,32.037
2016-05-17,31.5122
2016-05-18,31.0821
2016-05-19,30.777
2016-05-20,30.9879
2016-05-23,31.0169
2016-05-24,31.3448
2016-05-25,31.4016
2016-05-26,31.4184
2016-05-27,31.5541
2016-05-31,31.5343
2016-06-01,31.4907
2016-06-02,31.6179
2016-06-03,31.7021
2016-06-06,31.5326
2016-06-07,31.7128
2016-06-08,31.813
2016-06-09,31.8537
2016-06-10,31.7261
2016-06-13,31.7169
2016-06-14,31.5822
2016-06-15,31.8511
2016-06-16,32.0602
2016-06-17,31.9757
2016-06-20,32.0179
2016-06-21,32.2192
2016-06-22,32.1852
2016-06-23,32.415
2016-06-24,31.9072
2016-06-27,31.9591
2016-06-28,32.6224
2016-06-29,33.0992
2016-06-30,33.3998
2016-07-01,34.6102
2016-07-05,34.9362
2016-07-06,34.7598
2016-07-07,34.4147
2016-07-08,34.9988
2016-07-11,35.1751
2016-07-12,35.2573
2016-07-13,35.3922
2016-07-14,35.1725
2016-07-15,35.1414
2016-07-18,35.1631
2016-07-19,35.3235
2016-07-20,35.2959
2016-07-21,35.3379
2016-07-22,35.6354
2016-07-25,35.5598
2016-07-26,35.4484
2016-07-27,35.1092
2016-07-28,35.3015
2016-07-29,35.6179
2016-08-01,35.7995
2016-08-02,35.2468
2016-08-03,35.0222
2016-08-04,34.9244
2016-08-05,34.9323
2016-08-08,34.9389
2016-08-09,35.1016
2016-08-10,35.0791
2016-08-11,34.728
2016-08-12,34.8241
2016-08-15,34.7717
2016-08-16,34.3667
2016-08-17,34.4835
2016-08-18,34.4139
2016-08-19,34.1267
2016-08-22,34.2794
2016-08-23,34.2913
2016-08-24,34.1694
2016-08-25,34.3113
2016-08-26,33.9638
2016-08-29,34.314
2016-08-30,34.2442
2016-08-31,34.2588
2016-09-01,34.233
2016-09-02,34.4662
2016-09-06,34.7954
2016-09-07,34.9138
2016-09-08,34.4893
2016-09-09,33.1305
2016-09-12,33.5504
2016-09-13,32.6856
2016-09-14,32.7789
2016-09-15,32.9304
2016-09-16,32.8675
2016-09-19,33.187
2016-09-20,33.1279
2016-09-21,33.529
2016-09-22,34.1676
2016-09-23,34.2645
2016-09-26,34.3189
2016-09-27,34.0613
2016-09-28,34.2422
2016-09-29,33.8131
2016-09-30,33.6373
2016-10-03,32.5901
2016-10-04,32.0721
2016-10-05,31.4525
2016-10-06,31.5184
2016-10-07,31.448
2016-10-10,31.6061
2016-10-11,31.3368
2016-10-12,31.7479
2016-10-13,31.9128
2016-10-14,31.8242
2016-10-17,31.8633
2016-10-18,32.0365
2016-10-19,32.1455
2016-10-20,32.0344
2016-10-21,31.9959
2016-10-24,32.0824
2016-10-25,32.0027
2016-10-26,31.5951
2016-10-27,30.8209
2016-10-28,30.9083
2016-10-31,31.336
2016-11-01,30.7008
2016-11-02,30.2561
2016-11-03,30.0926
2016-11-04,30.3216
2016-11-07,30.853
2016-11-08,31.033
2016-11-09,30.3245
2016-11-10,29.8624
2016-11-11,29.9038
2016-11-14,30.4727
2016-11-15,30.2748
2016-11-16,30.24
2016-11-17,29.9444
2016-11-18,29.9999
2016-11-21,29.9482
2016-11-22,30.4538
2016-11-23,30.2411
2016-11-25,30.3728
2016-11-28,30.4654
2016-11-29,30.6713
2016-11-30,30.292
2016-12-01,29.8199
2016-12-02,30.1633
2016-12-05,30.3912
2016-12-06,30.4879
2016-12-07,31.1622
2016-12-08,31.3059
2016-12-09,31.2809
2016-12-12,31.5763
2016-12-13,31.6468
2016-12-14,31.039
2016-12-15,30.8184
2016-12-16,31.1893
2016-12-19,31.4916
2016-12-20,31.5142
2016-12-21,31.0972
2016-12-22,31.0591
2016-12-23,31.0786
2016-12-27,31.1617
2016-12-28,30.8924
2016-12-29,31.1667
2016-12-30,31.4427
2017-01-03,34.1031
2017-01-04,34.5274
2017-01-05,34.7046
2017-01-06,34.6981
2017-01-09,34.475
2017-01-10,34.0296
2017-01-11,33.8654
2017-01-12,33.9999
2017-01-13,33.917
2017-01-17,34.2011
2017-01-18,34.2619
2017-01-19,33.9241
2017-01-20,34.1545
2017-01-23,34.356
2017-01-24,34.3545
2017-01-25,34.144
2017-01-26,34.1313
2017-01-27,33.8274
2017-01-30,33.6615
2017-01-31,33.9274
2017-02-01,33.5384
2017-02-02,33.9571
2017-02-03,34.1488
2017-02-06,33.9457
2017-02-07,33.8758
2017-02-08,34.1752
2017-02-09,34.2951
2017-02-10,34.4879
2017-02-13,34.6549
2017-02-14,34.474
2017-02-15,34.3723
2017-02-16,34.5193
2017-02-17,34.6164
2017-02-21,35.0764
2017-02-22,34.9692
2017-02-23,35.1918
2017-02-24,35.359
2017-02-27,35.5297
2017-02-28,35.4281
2017-03-01,35.3128
2017-03-02,35.216
2017-03-03,35.0776
2017-03-06,34.9349
2017-03-07,34.8216
2017-03-08,34.3036
2017-03-09,33.8644
2017-03-10,33.8062
2017-03-13,33.8173
2017-03-14,33.7668
2017-03-15,34.4129
2017-03-16,34.3124
2017-03-17,34.3745
2017-03-20,34.4189
2017-03-21,34.3656
2017-03-22,34.4281
2017-03-23,34.6757
2017-03-24,34.6228
2017-03-27,34.4076
2017-03-28,34.5711
2017-03-29,34.659
2017-03-30,34.7245
2017-03-31,34.8951
2017-04-03,34.1994
2017-04-04,34.0957
2017-04-05,34.1497
2017-04-06,34.3209
2017-04-07,34.3792
2017-04-10,34.6081
2017-04-11,34.7552
2017-04-12,34.7079
2017-04-13,34.6295
2017-04-17,35.0314
2017-04-18,35.1257
2017-04-19,35.0413
2017-04-20,35.0353
2017-04-21,34.8668
2017-04-24,34.5496
2017-04-25,34.6267
2017-04-26,34.332
2017-04-27,34.3597
2017-04-28,34.1562
2017-05-01,34.3694
2017-05-02,34.3972
2017-05-03,33.9657
2017-05-04,33.9911
2017-05-05,34.2449
2017-05-08,34.0596
2017-05-09,33.92
2017-05-10,34.1195
2017-05-11,33.9446
2017-05-12,33.8143
2017-05-15,33.9302
2017-05-16,33.7523
2017-05-17,33.9587
2017-05-18,34.0355
2017-05-19,34.2294
2017-05-22,34.3191
2017-05-23,34.3476
2017-05-24,34.5662
2017-05-25,34.6915
2017-05-26,34.4693
2017-05-30,34.3557
2017-05-31,34.3092
2017-06-01,34.4401
2017-06-02,34.7319
2017-06-05,34.6128
2017-06-06,34.4601
2017-06-07,34.623
2017-06-08,34.4771
2017-06-09,34.6276
2017-06-12,34.8194
2017-06-13,34.8786
2017-06-14,34.9804
2017-06-15,35.1378
2017-06-16,35.0966
2017-06-19,35.1437
2017-06-20,35.0713
2017-06-21,34.9916
2017-06-22,35.0113
2017-06-23,35.1485
2017-06-26,35.3136
2017-06-27,35.1778
2017-06-28,35.1684
2017-06-29,34.8027
2017-06-30,34.7927
2017-07-03,34.1641
2017-07-05,33.7543
2017-07-06,33.1185
2017-07-07,33.3337
2017-07-10,33.0464
2017-07-11,32.979
2017-07-12,33.4086
2017-07-13,33.4769
2017-07-14,33.8305
2017-07-17,33.9009
2017-07-18,33.8634
2017-07-19,34.1143
2017-07-20,34.0032
2017-07-21,34.0854
2017-07-24,34.0336
2017-07-25,34.0566
2017-07-26,34.3333
2017-07-27,34.2998
2017-07-28,34.2647
2017-07-31,34.224
2017-08-01,34.3575
2017-08-02,34.2036
2017-08-03,34.1135
2017-08-04,34.2023
2017-08-07,34.2
2017-08-08,34.0196
2017-08-09,34.0653
2017-08-10,33.7493
2017-08-11,33.5423
2017-08-14,34.1136
2017-08-15,33.9997
2017-08-16,34.0931
2017-08-17,33.846
2017-08-18,33.5934
2017-08-21,33.9529
2017-08-22,33.9147
2017-08-23,34.2649
2017-08-24,34.2128
2017-08-25,34.3536
2017-08-28,34.2019
2017-08-29,34.1774
2017-08-30,34.3429
2017-08-31,34.5208
2017-09-01,34.4927
2017-09-05,34.4698
2017-09-06,34.5035
2017-09-07,34.7658
2017-09-08,34.7644
2017-09-11,35.0229
2017-09-12,34.6096
2017-09-13,34.4688
2017-09-14,34.6679
2017-09-15,34.7666
2017-09-18,34.5892
2017-09-19,34.2317
2017-09-20,34.137
2017-09-21,34.0638
2017-09-22,33.7822
2017-09-25,33.8935
2017-09-26,33.9319
2017-09-27,33.6467
2017-09-28,33.8527
2017-09-29,33.8783
2017-10-02,33.0657
2017-10-03,33.0494
2017-10-04,33.3248
2017-10-05,33.431
2017-10-06,33.3626
2017-10-09,33.4029
2017-10-10,33.4743
2017-10-11,33.6545
2017-10-12,33.8866
2017-10-13,33.9532
2017-10-16,33.8027
2017-10-17,33.8082
2017-10-18,33.7498
2017-10-19,33.7183
2017-10-20,33.6806
2017-10-23,33.5435
2017-10-24,33.3329
2017-10-25,33.2406
2017-10-26,33.0562
2017-10-27,33.135
2017-10-30,33.3287
2017-10-31,33.4253
2017-11-01,33.4072
2017-11-02,33.7011
2017-11-03,33.6663
2017-11-06,34.181
2017-11-07,34.4968
2017-11-08,34.7526
2017-11-09,34.7537
2017-11-10,34.7486
2017-11-13,34.8561
2017-11-14,34.7992
2017-11-15,34.5109
2017-11-16,34.646
2017-11-17,34.4516
2017-11-20,34.353
2017-11-21,34.5469
2017-11-22,34.4251
2017-11-24,34.5518
2017-11-27,34.4567
2017-11-28,34.3606
2017-11-29,34.293
2017-11-30,34.3191
2017-12-01,34.3817
2017-12-04,33.9387
2017-12-05,33.8001
2017-12-06,33.8526
2017-12-07,33.9712
2017-12-08,34.0548
2017-12-11,34.1213
2017-12-12,34.2683
2017-12-13,34.265
2017-12-14,34.233
2017-12-15,34.3345
2017-12-18,34.4472
2017-12-19,33.7959
2017-12-20,33.4321
2017-12-21,33.3061
2017-12-22,33.5522
2017-12-26,33.714
2017-12-27,33.8485
2017-12-28,34.0084
2017-12-29,33.9759
2018-01-02,31.6653
2018-01-03,31.6987
2018-01-04,31.1537
2018-01-05,31.2384
2018-01-08,31.4224
2018-01-09,31.0639
2018-01-10,30.5847
2018-01-11,30.3801
2018-01-12,30.1598
2018-01-16,30.304
2018-01-17,30.5118
2018-01-18,30.2126
2018-01-19,30.4134
2018-01-22,30.7097
2018-01-23,31.163
2018-01-24,31.0624
2018-01-25,31.0089
2018-01-26,31.1028
2018-01-29,30.7395
2018-01-30,30.5974
2018-01-31,31.2343
2018-02-01,30.6552
2018-02-02,30.3388
2018-02-05,29.5112
2018-02-06,29.4651
2018-02-07,29.3306
2018-02-08,28.4105
2018-02-09,29.0915
2018-02-12,29.1661
2018-02-13,29.3249
2018-02-14,29.1396
2018-02-15,29.4073
2018-02-16,29.6
2018-02-20,29.2991
2018-02-21,28.7682
2018-02-22,29.0971
2018-02-23,29.5987
2018-02-26,29.7284
2018-02-27,29.0886
2018-02-28,29.0588
2018-03-01,28.8971
2018-03-02,28.7954
2018-03-05,29.1881
2018-03-06,29.3018
2018-03-07,29.4544
2018-03-08,29.6442
2018-03-09,29.8549
2018-03-12,29.9995
2018-03-13,30.0774
2018-03-14,30.1081
2018-03-15,30.0777
2018-03-16,30.2352
2018-03-19,29.9479
2018-03-20,29.9302
2018-03-21,29.6526
2018-03-22,29.5404
2018-03-23,29.0805
2018-03-26,29.4766
2018-03-27,29.5193
2018-03-28,30.041
2018-03-29,30.0078
2018-04-02,29.9078
2018-04-03,30.0034
2018-04-04,30.3686
2018-04-05,30.3865
2018-04-06,30.0996
2018-04-09,30.0791
2018-04-10,29.8649
2018-04-11,29.9246
2018-04-12,29.5797
2018-04-13,29.7334
2018-04-16,29.8585
2018-04-17,30.2555
2018-04-18,30.1914
2018-04-19,29.6867
2018-04-20,29.4249
2018-04-23,29.4716
2018-04-24,29.5167
2018-04-25,29.4162
2018-04-26,29.7841
2018-04-27,30.1773
2018-04-30,30.0621
2018-05-01,30.2671
2018-05-02,30.1665
2018-05-03,30.1401
2018-05-04,30.4655
2018-05-07,30.503
2018-05-08,30.2946
2018-05-09,30.5153
2018-05-10,30.8096
2018-05-11,30.6598
2018-05-14,30.4378
2018-05-15,29.9313
2018-05-16,29.8002
2018-05-17,29.6487
2018-05-18,29.6768
2018-05-21,29.979
2018-05-22,30.0113
2018-05-23,30.2552
2018-05-24,30.1357
2018-05-25,30.272
2018-05-29,30.3477
2018-05-30,30.7627
2018-05-31,30.6551
2018-06-01,30.7776
2018-06-04,31.0774
2018-06-05,30.9297
2018-06-06,31.0271
2018-06-07,30.9874
2018-06-08,31.1286
2018-06-11,31.0905
2018-06-12,31.2691
2018-06-13,30.5436
2018-06-14,30.8
2018-06-15,30.7571
2018-06-18,30.7078
2018-06-19,30.7361
2018-06-20,31.073
2018-06-21,31.2671
2018-06-22,31.5127
2018-06-25,31.4563
2018-06-26,31.6157
2018-06-27,31.5251
2018-06-28,31.7956
2018-06-29,31.8456
2018-07-02,28.6593
2018-07-03,28.7955
2018-07-05,29.1872
2018-07-06,29.307
2018-07-09,29.0387
2018-07-10,29.1783
2018-07-11,29.083
2018-07-12,29.1406
2018-07-13,29.0611
2018-07-16,28.8909
2018-07-17,28.7082
2018-07-18,28.5848
2018-07-19,28.8741
2018-07-20,28.6095
2018-07-23,28.5419
2018-07-24,28.4536
2018-07-25,28.7264
2018-07-26,28.8322
2018-07-27,28.5643
2018-07-30,28.5489
2018-07-31,29.0903
2018-08-01,29.293
2018-08-02,29.1385
2018-08-03,29.5107
2018-08-06,29.4413
2018-08-07,29.377
2018-08-08,29.2199
2018-08-09,29.2601
2018-08-10,28.9658
2018-08-13,28.9641
2018-08-14,29.0691
2018-08-15,29.3144
2018-08-16,29.5222
2018-08-17,29.8055
2018-08-20,29.8238
2018-08-21,29.5504
2018-08-22,29.3592
2018-08-23,29.2986
2018-08-24,29.4845
2018-08-27,29.4606
2018-08-28,29.8111
2018-08-29,29.7809
2018-08-30,29.6138
2018-08-31,29.7373
2018-09-04,29.4687
2018-09-05,29.6408
2018-09-06,29.7405
2018-09-07,29.3719
2018-09-10,29.5308
2018-09-11,29.5098
2018-09-12,29.5474
2018-09-13,29.6874
2018-09-14,29.4179
2018-09-17,29.5636
2018-09-18,29.3883
2018-09-19,29.1196
2018-09-20,29.341
2018-09-21,29.3027
2018-09-24,28.7477
2018-09-25,28.7178
2018-09-26,28.3861
2018-09-27,28.4239
2018-09-28,28.7954
2018-10-01,28.4292
2018-10-02,28.3499
2018-10-03,28.0708
2018-10-04,27.8972
2018-10-05,27.8912
2018-10-08,28.2584
2018-10-09,28.3654
2018-10-10,27.9091
2018-10-11,27.0987
2018-10-12,27.0801
2018-10-15,27.2189
2018-10-16,27.7385
2018-10-17,27.673
2018-10-18,27.6743
2018-10-19,27.951
2018-10-22,27.5548
2018-10-23,27.7451
2018-10-24,28.0596
2018-10-25,28.4012
2018-10-26,27.665
2018-10-29,28.0971
2018-10-30,28.5673
2018-10-31,28.1767
2018-11-01,28.3048
2018-11-02,28.0422
2018-11-05,28.5173
2018-11-06,28.6652
2018-11-07,28.9928
2018-11-08,29.0255
2018-11-09,29.0647
2018-11-12,29.1218
2018-11-13,29.1628
2018-11-14,29.1749
2018-11-15,28.9131
2018-11-16,29.3049
2018-11-19,29.4105
2018-11-20,29.014
2018-11-21,28.9765
2018-11-23,28.8785
2018-11-26,28.937
2018-11-27,29.0996
2018-11-28,29.3531
2018-11-29,29.377
2018-11-30,29.6706
2018-12-03,29.7785
2018-12-04,29.4028
2018-12-06,30.1864
2018-12-07,29.7516
2018-12-10,29.6255
2018-12-11,29.657
2018-12-12,29.0955
2018-12-13,29.2733
2018-12-14,29.2115
2018-12-17,28.1252
2018-12-18,28.3918
2018-12-19,28.1321
2018-12-20,27.7919
2018-12-21,27.3519
2018-12-24,26.3337
2018-12-26,27.1913
2018-12-27,27.2554
2018-12-28,27.3148
2018-12-31,27.3233
2019-01-02,26.8529
2019-01-03,26.9853
2019-01-04,27.2629
2019-01-07,27.4776
2019-01-08,27.9666
2019-01-09,27.8473
2019-01-10,28.2791
2019-01-11,28.3451
2019-01-14,28.2597
2019-01-15,28.5603
2019-01-16,28.7167
2019-01-17,28.8516
2019-01-18,28.941
2019-01-22,28.8956
2019-01-23,28.9224
2019-01-24,29.0345
2019-01-25,29.376
2019-01-28,29.6568
2019-01-29,29.8914
2019-01-30,30.1404
2019-01-31,30.4257
2019-02-01,30.2226
2019-02-04,30.4205
2019-02-05,30.6035
2019-02-06,30.3697
2019-02-07,30.6131
2019-02-08,30.6423
2019-02-11,30.7112
2019-02-12,30.4956
2019-02-13,30.6735
2019-02-14,30.8104
2019-02-15,30.9687
2019-02-19,31.0011
2019-02-20,30.796
2019-02-21,30.8388
2019-02-22,31.0221
2019-02-25,30.7699
2019-02-26,30.7029
2019-02-27,30.5843
2019-02-28,30.6773
2019-03-01,30.6392
2019-03-04,30.7645
2019-03-05,30.8439
2019-03-06,30.7646
2019-03-07,30.741
2019-03-08,30.7786
2019-03-11,31.2517
2019-03-12,31.3982
2019-03-13,31.5539
2019-03-14,31.5675
2019-03-15,31.4478
2019-03-18,31.2873
2019-03-19,31.1963
2019-03-20,31.3289
2019-03-21,31.888
2019-03-22,31.7364
2019-03-25,31.7562
2019-03-26,31.9689
2019-03-27,31.8569
2019-03-28,32.0859
2019-03-29,32.052
2019-04-01,30.9876
2019-04-02,31.2533
2019-04-03,31.2198
2019-04-04,31.1306
2019-04-05,31.3675
2019-04-08,31.2087
2019-04-09,31.1102
2019-04-10,31.3377
2019-04-11,31.2932
2019-04-12,31.4612
2019-04-15,31.2733
2019-04-16,30.5275
2019-04-17,30.2239
2019-04-18,30.4515
2019-04-22,30.1331
2019-04-23,30.469
2019-04-24,30.7049
2019-04-25,30.6509
2019-04-26,30.8606
2019-04-29,30.5327
2019-04-30,30.8958
2019-05-01,30.909
2019-05-02,30.9545
2019-05-03,31.16
2019-05-06,31.0268
2019-05-07,30.4751
2019-05-08,30.4892
2019-05-09,30.5884
2019-05-10,30.9343
2019-05-13,30.9356
2019-05-14,31.0437
2019-05-15,31.2438
2019-05-16,31.4086
2019-05-17,31.3556
2019-05-20,30.8479
2019-05-21,31.1063
2019-05-22,31.2347
2019-05-23,31.3939
2019-05-24,31.4409
2019-05-28,31.0949
2019-05-29,30.736
2019-05-30,30.9354
2019-05-31,31.1749
2019-06-03,31.3117
2019-06-04,31.1365
2019-06-05,31.8619
2019-06-06,31.9081
2019-06-07,31.9917
2019-06-10,31.8947
2019-06-11,31.9511
2019-06-12,32.0343
2019-06-13,32.0628
2019-06-14,32.1674
2019-06-17,32.5294
2019-06-18,32.4191
2019-06-19,32.6395
2019-06-20,32.8136
2019-06-21,32.4534
2019-06-24,32.3048
2019-06-25,31.8682
2019-06-26,31.2446
2019-06-27,31.473
2019-06-28,31.5668
2019-07-01,36.4191
2019-07-02,37.0818
2019-07-03,37.6267
2019-07-05,37.4139
2019-07-08,37.5532
2019-07-09,37.7501
2019-07-10,37.9477
2019-07-11,37.4867
2019-07-12,37.3391
2019-07-15,37.3855
2019-07-16,37.3175
2019-07-17,37.1661
2019-07-18,37.1126
2019-07-19,36.4859
2019-07-22,36.47
2019-07-23,36.8391
2019-07-24,36.8126
2019-07-25,36.6339
2019-07-26,36.7554
2019-07-29,36.924
2019-07-30,37.2525
2019-07-31,37.1412
2019-08-01,37.2236
2019-08-02,37.5072
2019-08-05,36.7752
2019-08-06,37.2083
2019-08-07,37.5568
2019-08-08,38.1436
2019-08-09,38.1701
2019-08-12,38.1066
2019-08-13,38.1375
2019-08-14,37.5371
2019-08-15,38.0379
2019-08-16,38.278
2019-08-19,38.6221
2019-08-20,38.3093
2019-08-21,38.5
2019-08-22,38.6649
2019-08-23,38.1673
2019-08-26,38.5557
2019-08-27,38.4051
2019-08-28,38.5359
2019-08-29,38.8166
2019-08-30,38.8531
2019-09-03,39.3607
2019-09-04,39.6935
2019-09-05,39.3201
2019-09-06,39.4057
2019-09-09,39.063
2019-09-10,38.5289
2019-09-11,38.4069
2019-09-12,38.6216
2019-09-13,38.13
2019-09-16,38.5172
2019-09-17,39.0555
2019-09-18,38.9336
2019-09-19,39.0412
2019-09-20,38.9139
2019-09-23,39.0049
2019-09-24,38.9639
2019-09-25,38.9335
2019-09-26,39.2856
2019-09-27,38.9768
2019-09-30,39.0384
2019-10-01,43.7602
2019-10-02,43.5252
2019-10-03,44.0378
2019-10-04,44.3042
2019-10-07,44.162
2019-10-08,43.9499
2019-10-09,44.0856
2019-10-10,44.1671
2019-10-11,44.0391
2019-10-14,44.0989
2019-10-15,44.1526
2019-10-16,44.0994
2019-10-17,44.3969
2019-10-18,44.8315
2019-10-21,45.1466
2019-10-22,44.9683
2019-10-23,45.0466
2019-10-24,44.9228
2019-10-25,44.3349
2019-10-28,43.8576
2019-10-29,44.0268
2019-10-30,44.2995
2019-10-31,44.1398
2019-11-01,44.0144
2019-11-04,43.5518
2019-11-05,42.7844
2019-11-06,42.9594
2019-11-07,42.4977
2019-11-08,42.3974
2019-11-11,42.4924
2019-11-12,42.1544
2019-11-13,42.6059
2019-11-14,42.9629
2019-11-15,43.215
2019-11-18,43.4305
2019-11-19,43.5108
2019-11-20,43.5222
2019-11-21,42.9179
2019-11-22,42.6864
2019-11-25,42.7093
2019-11-26,43.3242
2019-11-27,43.4638
2019-11-29,43.2719
2019-12-02,42.5163
2019-12-03,42.8311
2019-12-04,43.0886
2019-12-05,43.1123
2019-12-06,43.1553
2019-12-09,43.2143
2019-12-10,42.9197
2019-12-11,42.5958
2019-12-12,41.9784
2019-12-13,42.0533
2019-12-16,42.3728
2019-12-17,41.8812
2019-12-18,42.4378
2019-12-19,42.8905
2019-12-20,43.1721
2019-12-23,42.939
2019-12-24,43.0117
2019-12-26,43.2446
2019-12-27,43.3952
2019-12-30,43.3397
2019-12-31,43.6161
2020-01-02,44.998
2020-01-03,45.3624
2020-01-06,45.3996
2020-01-07,44.8576
2020-01-08,45.0472
2020-01-09,45.0756
2020-01-10,45.5032
2020-01-13,46.0657
2020-01-14,45.8382
2020-01-15,46.1932
2020-01-16,46.5591
2020-01-17,46.622
2020-01-21,47.1209
2020-01-22,46.7492
2020-01-23,47.2006
2020-01-24,47.0916
2020-01-27,46.8947
2020-01-28,47.037
2020-01-29,46.7419
2020-01-30,46.8655
2020-01-31,46.2278
2020-02-03,46.2889
2020-02-04,46.839
2020-02-05,46.8066
2020-02-06,46.9936
2020-02-07,47.0171
2020-02-10,47.5948
2020-02-11,48.1752
2020-02-12,48.4974
2020-02-13,48.7411
2020-02-14,49.2808
2020-02-18,49.2043
2020-02-19,48.536
2020-02-20,49.0958
2020-02-21,49.2808
2020-02-24,48.6209
2020-02-25,47.3691
2020-02-26,46.9551
2020-02-27,44.3305
2020-02-28,43.206
2020-03-02,45.3905
2020-03-03,45.3436
2020-03-04,47.1513
2020-03-05,46.0398
2020-03-06,45.2597
2020-03-09,42.0251
2020-03-10,44.1213
2020-03-11,41.7211
2020-03-12,38.0931
2020-03-13,41.3814
2020-03-16,34.5323
2020-03-17,36.929
2020-03-18,34.1754
2020-03-19,33.7159
2020-03-20,31.869
2020-03-23,30.0979
2020-03-24,32.6722
2020-03-25,34.1399
2020-03-26,36.8062
2020-03-27,36.7798
2020-03-30,37.7848
2020-03-31,36.5535
2020-04-01,35.3957
2020-04-02,35.8689
2020-04-03,35.5977
2020-04-06,38.1637
2020-04-07,38.2089
2020-04-08,41.0389
2020-04-09,43.1516
2020-04-13,41.1729
2020-04-14,42.5129
2020-04-15,40.893
2020-04-16,40.6497
2020-04-17,41.9586
2020-04-20,40.3919
2020-04-21,39.7422
2020-04-22,40.4996
2020-04-23,40.0173
2020-04-24,40.133
2020-04-27,41.3359
2020-04-28,41.3461
2020-04-29,41.4913
2020-04-30,41.2162
2020-05-01,39.8808
2020-05-04,39.8756
2020-05-05,40.1243
2020-05-06,39.3855
2020-05-07,39.7194
2020-05-08,40.4617
2020-05-11,39.971
2020-05-12,38.2721
2020-05-13,37.6565
2020-05-14,37.6916
2020-05-15,37.5252
2020-05-18,39.3752
2020-05-19,38.6451
2020-05-20,38.974
2020-05-21,38.7644
2020-05-22,39.6207
2020-05-26,40.8747
2020-05-27,41.7524
2020-05-28,42.2696
2020-05-29,41.9321
2020-06-01,42.8141
2020-06-02,43.0956
2020-06-03,44.1314
2020-06-04,43.3352
2020-06-05,44.8939
2020-06-08,45.8614
2020-06-09,45.3486
2020-06-10,44.4818
2020-06-11,41.6976
2020-06-12,43.0159
2020-06-15,43.4525
2020-06-16,44.2133
2020-06-17,43.7117
2020-06-18,43.1277
2020-06-19,42.6826
2020-06-22,42.575
2020-06-23,42.4242
2020-06-24,41.297
2020-06-25,41.7447
2020-06-26,40.988
2020-06-29,41.6823
2020-06-30,42.3471
2020-07-01,36.4465
2020-07-02,36.3237
2020-07-06,36.3861
2020-07-07,35.8024
2020-07-08,35.745
2020-07-09,35.6262
2020-07-10,35.6844
2020-07-13,35.1022
2020-07-14,35.444
2020-07-15,35.6235
2020-07-16,35.2008
2020-07-17,35.6932
2020-07-20,35.3348
2020-07-21,35.3389
2020-07-22,35.7786
2020-07-23,35.6032
2020-07-24,35.4619
2020-07-27,35.8574
2020-07-28,36.5933
2020-07-29,37.2856
2020-07-30,36.9751
2020-07-31,36.9162
2020-08-03,36.3738
2020-08-04,36.8681
2020-08-05,36.6333
2020-08-06,36.6679
2020-08-07,37.1641
2020-08-10,37.1036
2020-08-11,36.4113
2020-08-12,36.8913
2020-08-13,36.439
2020-08-14,36.4897
2020-08-17,36.8137
2020-08-18,36.7589
2020-08-19,36.0176
2020-08-20,36.4064
2020-08-21,36.4967
2020-08-24,36.5847
2020-08-25,36.6959
2020-08-26,36.4232
2020-08-27,36.9232
2020-08-28,37.1899
2020-08-31,36.8758
2020-09-01,36.8191
2020-09-02,37.643
2020-09-03,37.0266
2020-09-04,36.8533
2020-09-08,36.3809
2020-09-09,36.8282
2020-09-10,36.287
2020-09-11,36.1864
2020-09-14,36.9679
2020-09-15,37.4812
2020-09-16,37.6831
2020-09-17,36.8593
2020-09-18,36.1377
2020-09-21,35.15
2020-09-22,35.5935
2020-09-23,34.5567
2020-09-24,34.6839
2020-09-25,35.3631
2020-09-28,35.964
2020-09-29,35.7577
2020-09-30,35.9517
2020-10-01,31.1401
2020-10-02,31.6316
2020-10-05,31.8203
2020-10-06,31.5729
2020-10-07,31.6604
2020-10-08,32.1623
2020-10-09,32.066
2020-10-12,32.2229
2020-10-13,31.6764
2020-10-14,31.3082
2020-10-15,31.4543
2020-10-16,31.3248
2020-10-19,30.8386
2020-10-20,31.063
2020-10-21,30.9483
2020-10-22,30.7109
2020-10-23,30.9196
2020-10-26,30.548
2020-10-27,30.1694
2020-10-28,29.4432
2020-10-29,29.8369
2020-10-30,29.6161
2020-11-02,30.3668
2020-11-03,30.8631
2020-11-04,30.9498
2020-11-05,31.0462
2020-11-06,30.9161
2020-11-09,31.7115
2020-11-10,31.8768
2020-11-11,32.1236
2020-11-12,31.7968
2020-11-13,32.5214
2020-11-16,32.686
2020-11-17,32.7244
2020-11-18,32.1763
2020-11-19,32.2153
2020-11-20,32.0046
2020-11-23,31.8959
2020-11-24,31.888
2020-11-25,31.9565
2020-11-27,31.8855
2020-11-30,31.6276
2020-12-01,32.0274
2020-12-02,31.67
2020-12-03,31.9023
2020-12-04,32.3248
2020-12-07,32.0202
2020-12-08,31.8591
2020-12-09,31.5476
2020-12-10,31.3946
2020-12-11,31.3938
2020-12-14,31.119
2020-12-15,31.6564
2020-12-16,31.6607
2020-12-17,32.0444
2020-12-18,31.4595
2020-12-21,31.2097
2020-12-22,31.401
2020-12-23,31.1009
2020-12-24,31.3619
2020-12-28,31.6295
2020-12-29,31.4057
2020-12-30,31.518
2020-12-31,31.9189
2021-01-04,27.5151
2021-01-05,27.4933
2021-01-06,27.3428
2021-01-07,27.4273
2021-01-08,27.7252
2021-01-11,27.2661
2021-01-12,27.2821
2021-01-13,27.661
2021-01-14,27.8324
2021-01-15,28.2393
2021-01-19,28.0864
2021-01-20,28.6407
2021-01-21,28.5432
2021-01-22,28.6305
2021-01-25,28.8663
2021-01-26,29.1946
2021-01-27,28.7894
2021-01-28,28.882
2021-01-29,28.5871
2021-02-01,29.2342
2021-02-02,29.3545
2021-02-03,29.245
2021-02-04,29.3896
2021-02-05,29.4908
2021-02-08,29.5565
2021-02-09,29.6961
2021-02-10,29.8743
2021-02-11,29.8399
2021-02-12,29.8223
2021-02-16,29.505
2021-02-17,29.5289
2021-02-18,29.5219
2021-02-19,29.5914
2021-02-22,29.752
2021-02-23,29.8456
2021-02-24,30.0104
2021-02-25,29.5333
2021-02-26,28.9958
2021-03-01,29.041
2021-03-02,28.8345
2021-03-03,28.4972
2021-03-04,28.2766
2021-03-05,28.6027
2021-03-08,28.7541
2021-03-09,29.0603
2021-03-10,29.3469
2021-03-11,29.7877
2021-03-12,30.236
2021-03-15,30.5918
2021-03-16,30.5856
2021-03-17,30.5369
2021-03-18,30.3121
2021-03-19,29.9283
2021-03-22,30.262
2021-03-23,30.3672
2021-03-24,30.2065
2021-03-25,30.4437
2021-03-26,31.1942
2021-03-29,31.1398
2021-03-30,30.988
2021-03-31,30.8368
2021-04-01,29.2762
2021-04-05,29.4536
2021-04-06,29.5059
2021-04-07,29.5492
2021-04-08,29.3831
2021-04-09,29.4243
2021-04-12,29.5863
2021-04-13,29.7733
2021-04-14,29.5667
2021-04-15,30.1451
2021-04-16,30.1966
2021-04-19,30.2844
2021-04-20,30.6246
2021-04-21,30.7478
2021-04-22,30.6324
2021-04-23,30.8105
2021-04-26,30.8734
2021-04-27,30.8654
2021-04-28,30.7605
2021-04-29,30.9709
2021-04-30,31.1616
2021-05-03,31.013
2021-05-04,30.824
2021-05-05,30.3564
2021-05-06,30.5179
2021-05-07,30.8869
2021-05-10,30.9947
2021-05-11,30.6493
2021-05-12,29.9232
2021-05-13,30.2754
2021-05-14,30.5812
2021-05-17,30.5795
2021-05-18,30.6309
2021-05-19,30.5032
2021-05-20,30.9125
2021-05-21,30.8587
2021-05-24,31.1846
2021-05-25,31.2804
2021-05-26,31.3509
2021-05-27,31.3007
2021-05-28,31.5034
2021-06-01,32.0345
2021-06-02,32.4851
2021-06-03,32.4189
2021-06-04,32.4594
2021-06-07,32.7566
2021-06-08,32.9245
2021-06-09,32.9762
2021-06-10,33.2895
2021-06-11,33.0931
2021-06-14,33.233
2021-06-15,32.8887
2021-06-16,32.599
2021-06-17,32.71
2021-06-18,32.2199
2021-06-21,32.839
2021-06-22,32.6935
2021-06-23,32.5749
2021-06-24,32.4291
2021-06-25,32.6388
2021-06-28,32.6642
2021-06-29,32.6176
2021-06-30,32.3702
2021-07-01,33.3664
2021-07-02,33.5391
2021-07-06,33.8249
2021-07-07,34.0028
2021-07-08,33.9763
2021-07-09,34.4251
2021-07-12,34.72
2021-07-13,34.2629
2021-07-14,34.5668
2021-07-15,34.6142
2021-07-16,34.6503
2021-07-19,34.1012
2021-07-20,34.7415
2021-07-21,34.6191
2021-07-22,34.3817
2021-07-23,34.6837
2021-07-26,34.6839
2021-07-27,34.9663
2021-07-28,34.7474
2021-07-29,34.6656
2021-07-30,34.7767
2021-08-02,34.7794
2021-08-03,34.934
2021-08-04,34.8133
2021-08-05,35.1005
2021-08-06,35.0196
2021-08-09,34.8733
2021-08-10,34.4934
2021-08-11,34.6642
2021-08-12,34.7857
2021-08-13,35.0215
2021-08-16,35.0638
2021-08-17,35.1132
2021-08-18,34.7331
2021-08-19,35.0537
2021-08-20,35.2132
2021-08-23,35.0711
2021-08-24,34.8182
2021-08-25,34.7567
2021-08-26,34.7907
2021-08-27,35.0928
2021-08-30,35.4982
2021-08-31,35.7171
2021-09-01,36.3196
2021-09-02,36.4789
2021-09-03,36.4944
2021-09-07,36.0807
2021-09-08,36.28
2021-09-09,35.512
2021-09-10,35.0742
2021-09-13,35.2435
2021-09-14,35.1238
2021-09-15,35.2673
2021-09-16,35.3221
2021-09-17,34.9878
2021-09-20,34.769
2021-09-21,34.7516
2021-09-22,35.0695
2021-09-23,34.8808
2021-09-24,34.4599
2021-09-27,33.8712
2021-09-28,33.6619
2021-09-29,33.8855
2021-09-30,33.3446
2021-10-01,32.9411
2021-10-04,32.9714
2021-10-05,32.6883
2021-10-06,33.0098
2021-10-07,33.0594
2021-10-08,32.6891
2021-10-11,32.7454
2021-10-12,33.1825
2021-10-13,33.3648
2021-10-14,33.8306
2021-10-15,33.84
2021-10-18,33.9143
2021-10-19,34.0493
2021-10-20,34.5769
2021-10-21,34.7007
2021-10-22,34.9281
2021-10-25,35.038
2021-10-26,35.1993
2021-10-27,34.944
2021-10-28,35.4559
2021-10-29,35.033
2021-11-01,35.1034
2021-11-02,35.4311
2021-11-03,35.6445
2021-11-04,35.2375
2021-11-05,35.3179
2021-11-08,35.3122
2021-11-09,35.4384
2021-11-10,35.2644
2021-11-11,35.2815
2021-11-12,35.3031
2021-11-15,35.4726
2021-11-16,35.2431
2021-11-17,35.4706
2021-11-18,35.4802
2021-11-19,35.2841
2021-11-22,35.1063
2021-11-23,35.4909
2021-11-24,35.9451
2021-11-26,34.9777
2021-11-29,35.4441
2021-11-30,34.6935
2021-12-01,34.2281
2021-12-02,35.1418
2021-12-03,34.9985
2021-12-06,35.4818
2021-12-07,36.1021
2021-12-08,36.2707
2021-12-09,35.7765
2021-12-10,35.9572
2021-12-13,36.4314
2021-12-14,35.9675
2021-12-15,36.4981
2021-12-16,36.6455
2021-12-17,36.5358
2021-12-20,36.2742
2021-12-21,36.5042
2021-12-22,36.8517
2021-12-23,36.718
2021-12-27,37.4677
2021-12-28,37.6285
2021-12-29,37.8695
2021-12-30,38.0046
2021-12-31,38.0721
2022-01-03,43.6409
2022-01-04,43.4739
2022-01-05,42.075
2022-01-06,42.1169
2022-01-07,41.8855
2022-01-10,41.6371
2022-01-11,41.5708
2022-01-12,41.69
2022-01-13,41.5465
2022-01-14,41.0564
2022-01-18,40.7656
2022-01-19,40.2707
2022-01-20,39.9028
2022-01-21,39.8854
2022-01-24,39.9547
2022-01-25,39.8497
2022-01-26,39.1872
2022-01-27,38.5011
2022-01-28,39.8021
2022-01-31,40.3009
2022-02-01,40.0039
2022-02-02,40.668
2022-02-03,40.2205
2022-02-04,39.7122
2022-02-07,39.6777
2022-02-08,39.3596
2022-02-09,40.2954
2022-02-10,39.1421
2022-02-11,38.6163
2022-02-14,38.2207
2022-02-15,38.3717
2022-02-16,38.4671
2022-02-17,38.0946
2022-02-18,37.9203
2022-02-22,37.8286
2022-02-23,37.3298
2022-02-24,37.9956
2022-02-25,38.9414
2022-02-28,38.2514
2022-03-01,38.1648
2022-03-02,38.8631
2022-03-03,39.2887
2022-03-04,39.6114
2022-03-07,38.8995
2022-03-08,38.5565
2022-03-09,39.1244
2022-03-10,39.2641
2022-03-11,38.8994
2022-03-14,38.6157
2022-03-15,38.8869
2022-03-16,39.3267
2022-03-17,39.8628
2022-03-18,39.9477
2022-03-21,39.7387
2022-03-22,39.76
2022-03-23,39.3493
2022-03-24,39.5993
2022-03-25,40.0888
2022-03-28,40.6026
2022-03-29,41.758
2022-03-30,41.5228
2022-03-31,41.0343
2022-04-01,45.1078
2022-04-04,44.9665
2022-04-05,44.9936
2022-04-06,45.692
2022-04-07,45.2982
2022-04-08,45.4495
2022-04-11,44.8341
2022-04-12,44.6798
2022-04-13,44.864
2022-04-14,44.6024
2022-04-18,44.4796
2022-04-19,45.4225
2022-04-20,46.2626
2022-04-21,45.9712
2022-04-22,45.1557
2022-04-25,44.9392
2022-04-26,44.2706
2022-04-27,43.9788
2022-04-28,44.7927
2022-04-29,42.6001
2022-05-02,41.5152
2022-05-03,42.0317
2022-05-04,42.4902
2022-05-05,41.4142
2022-05-06,40.9909
2022-05-09,39.0985
2022-05-10,38.2046
2022-05-11,38.1412
2022-05-12,38.4251
2022-05-13,39.4071
2022-05-16,39.0908
2022-05-17,39.5006
2022-05-18,38.3366
2022-05-19,38.2585
2022-05-20,38.7137
2022-05-23,39.1848
2022-05-24,39.657
2022-05-25,39.8799
2022-05-26,39.8413
2022-05-27,40.9646
2022-05-31,40.4149
2022-06-01,39.9703
2022-06-02,40.5572
2022-06-03,40.0528
2022-06-06,39.9357
2022-06-07,40.3961
2022-06-08,39.414
2022-06-09,38.5117
2022-06-10,37.5876
2022-06-13,35.7912
2022-06-14,35.4293
2022-06-15,36.2559
2022-06-16,35.3305
2022-06-17,35.5567
2022-06-21,36.2263
2022-06-22,36.7866
2022-06-23,37.5242
2022-06-24,38.299
2022-06-27,38.1995
2022-06-28,37.6684
2022-06-29,37.3812
2022-06-30,37.3933
2022-07-01,37.9234
2022-07-05,37.7361
2022-07-06,37.7412
2022-07-07,37.7657
2022-07-08,37.5572
2022-07-11,37.5607
2022-07-12,37.3404
2022-07-13,37.1372
2022-07-14,36.7651
2022-07-15,37.3899
2022-07-18,36.9875
2022-07-19,38.0359
2022-07-20,37.8346
2022-07-21,38.2174
2022-07-22,38.5178
2022-07-25,38.5442
2022-07-26,38.6237
2022-07-27,38.8346
2022-07-28,40.2704
2022-07-29,40.3917
2022-08-01,40.0317
2022-08-02,39.5112
2022-08-03,39.6724
2022-08-04,39.7215
2022-08-05,39.8472
2022-08-08,40.1281
2022-08-09,40.4236
2022-08-10,41.0053
2022-08-11,40.78
2022-08-12,41.481
2022-08-15,41.6777
2022-08-16,41.5035
2022-08-17,41.3817
2022-08-18,41.0732
2022-08-19,40.677
2022-08-22,39.8241
2022-08-23,39.2447
2022-08-24,39.5237
2022-08-25,40.1393
2022-08-26,39.1206
2022-08-29,38.7799
2022-08-30,38.2168
2022-08-31,38.0846
2022-09-01,38.219
2022-09-02,37.5772
2022-09-06,37.9591
2022-09-07,38.6891
2022-09-08,38.7679
2022-09-09,39.1306
2022-09-12,39.4655
2022-09-13,37.9505
2022-09-14,37.4232
2022-09-15,36.5847
2022-09-16,36.5963
2022-09-19,36.5175
2022-09-20,35.5792
2022-09-21,35.0205
2022-09-22,34.6905
2022-09-23,34.2381
2022-09-26,33.339
2022-09-27,32.9114
2022-09-28,33.528
2022-09-29,32.5643
2022-09-30,32.888
2022-10-03,36.0729
2022-10-04,36.6585
2022-10-05,35.9604
2022-10-06,34.8105
2022-10-07,33.9441
2022-10-10,33.5388
2022-10-11,33.881
2022-10-12,33.4108
2022-10-13,34.0258
2022-10-14,33.1431
2022-10-17,34.4331
2022-10-18,34.87
2022-10-19,33.9783
2022-10-20,33.8383
2022-10-21,34.0683
2022-10-24,34.0385
2022-10-25,35.3788
2022-10-26,35.3261
2022-10-27,35.3251
2022-10-28,36.1703
2022-10-31,36.0897
2022-11-01,36.0127
2022-11-02,35.0704
2022-11-03,35.0755
2022-11-04,35.5288
2022-11-07,35.5037
2022-11-08,35.7328
2022-11-09,35.3441
2022-11-10,38.0816
2022-11-11,38.0413
2022-11-14,37.0346
2022-11-15,37.4924
2022-11-16,37.1735
2022-11-17,36.8679
2022-11-18,37.3438
2022-11-21,37.6111
2022-11-22,37.7857
2022-11-23,37.8414
2022-11-25,38.0846
2022-11-28,37.0184
2022-11-29,37.6507
2022-11-30,38.5292
2022-12-01,38.4095
2022-12-02,38.249
2022-12-05,37.5919
2022-12-06,37.2961
2022-12-07,37.3917
2022-12-08,37.6171
2022-12-09,37.5412
2022-12-12,37.8782
2022-12-13,38.6498
2022-12-14,38.259
2022-12-15,37.7684
2022-12-16,36.6485
2022-12-19,36.2384
2022-12-20,36.1403
2022-12-21,36.4711
2022-12-22,36.3251
2022-12-23,36.645
2022-12-27,36.5933
2022-12-28,36.0103
2022-12-29,36.788
2022-12-30,36.4216
2023-01-03,34.5838
2023-01-04,35.3741
2023-01-05,34.3501
2023-01-06,35.3322
2023-01-09,35.3131
2023-01-10,35.4353
2023-01-11,36.7106
2023-01-12,37.1102
2023-01-13,36.8846
2023-01-17,36.9145
2023-01-18,36.3388
2023-01-19,36.1745
2023-01-20,36.6079
2023-01-23,36.6957
2023-01-24,36.8441
2023-01-25,36.885
2023-01-26,37.2898
2023-01-27,37.6407
2023-01-30,37.1753
2023-01-31,37.8728
2023-02-01,38.1489
2023-02-02,38.9999
2023-02-03,38.2065
2023-02-06,37.9477
2023-02-07,37.8306
2023-02-08,37.7194
2023-02-09,37.3386
2023-02-10,37.4374
2023-02-13,37.7427
2023-02-14,37.3523
2023-02-15,37.4483
2023-02-16,37.0998
2023-02-17,36.9325
2023-02-21,36.2093
2023-02-22,35.8413
2023-02-23,36.1923
2023-02-24,35.5353
2023-02-27,35.5872
2023-02-28,35.5745
2023-03-01,35.0446
2023-03-02,35.4714
2023-03-03,36.0878
2023-03-06,35.9417
2023-03-07,35.042
2023-03-08,35.5045
2023-03-09,34.6893
2023-03-10,33.5603
2023-03-13,34.1
2023-03-14,34.3857
2023-03-15,34.3878
2023-03-16,34.3667
2023-03-17,33.5878
2023-03-20,33.9449
2023-03-21,33.7229
2023-03-22,32.4943
2023-03-23,32.2931
2023-03-24,33.1251
2023-03-27,33.0046
2023-03-28,32.9185
2023-03-29,33.6797
2023-03-30,34.0895
2023-03-31,34.834
2023-04-03,33.7532
2023-04-04,33.7588
2023-04-05,33.5814
2023-04-06,33.8132
2023-04-10,33.9773
2023-04-11,34.133
2023-04-12,34.0298
2023-04-13,33.8924
2023-04-14,33.3223
2023-04-17,34.0655
2023-04-18,34.0134
2023-04-19,34.2001
2023-04-20,33.7942
2023-04-21,33.8517
2023-04-24,33.7478
2023-04-25,33.439
2023-04-26,33.1633
2023-04-27,33.9676
2023-04-28,34.3603
2023-05-01,34.0431
2023-05-02,33.4529
2023-05-03,33.2538
2023-05-04,33.5603
2023-05-05,34.0738
2023-05-08,33.8406
2023-05-09,33.7038
2023-05-10,34.0355
2023-05-11,33.6882
2023-05-12,33.7385
2023-05-15,33.6594
2023-05-16,32.7797
2023-05-17,33.2027
2023-05-18,32.9778
2023-05-19,32.928
2023-05-22,33.1482
2023-05-23,32.7238
2023-05-24,32.001
2023-05-25,32.0896
2023-05-26,32.4638
2023-05-30,32.5533
2023-05-31,32.7662
2023-06-01,32.7767
2023-06-02,33.4596
2023-06-05,33.2865
2023-06-06,33.5069
2023-06-07,34.0939
2023-06-08,33.8809
2023-06-09,33.6874
2023-06-12,33.6967
2023-06-13,33.9046
2023-06-14,34.0135
2023-06-15,34.1289
2023-06-16,34.0906
2023-06-20,33.7126
2023-06-21,33.5623
2023-06-22,33.0794
2023-06-23,32.716
2023-06-26,33.4403
2023-06-27,33.8112
2023-06-28,33.8822
2023-06-29,34.1762
2023-06-30,34.3494
2023-07-03,35.731
2023-07-05,35.897
2023-07-06,35.6816
2023-07-07,35.5035
2023-07-10,35.6263
2023-07-11,36.0418
2023-07-12,36.2001
2023-07-13,36.4434
2023-07-14,36.4369
2023-07-17,36.1337
2023-07-18,35.838
2023-07-19,36.2379
2023-07-20,36.0943
2023-07-21,36.2531
2023-07-24,36.6139
2023-07-25,36.3407
2023-07-26,36.4663
2023-07-27,35.6912
2023-07-28,35.6001
2023-07-31,35.8496
2023-08-01,35.8057
2023-08-02,35.6468
2023-08-03,35.1644
2023-08-04,34.8154
2023-08-07,35.2387
2023-08-08,35.0778
2023-08-09,35.1467
2023-08-10,35.0378
2023-08-11,35.1035
2023-08-14,34.9144
2023-08-15,34.5415
2023-08-16,34.1252
2023-08-17,33.871
2023-08-18,33.9656
2023-08-21,33.6669
2023-08-22,33.7625
2023-08-23,34.2564
2023-08-24,34.116
2023-08-25,34.2072
2023-08-28,34.4718
2023-08-29,34.8688
2023-08-30,34.9893
2023-08-31,34.7251
2023-09-01,34.7007
2023-09-05,34.3706
2023-09-06,34.2913
2023-09-07,34.5353
2023-09-08,34.3195
2023-09-11,34.3263
2023-09-12,34.3143
2023-09-13,33.9603
2023-09-14,34.5416
2023-09-15,34.3662
2023-09-18,34.0869
2023-09-19,33.8965
2023-09-20,33.9401
2023-09-21,32.7593
2023-09-22,32.5247
2023-09-25,32.4684
2023-09-26,31.8901
2023-09-27,31.6279
2023-09-28,31.8971
2023-09-29,32.0091
2023-10-02,31.7815
2023-10-03,31.1783
2023-10-04,31.5317
2023-10-05,31.7431
2023-10-06,31.8519
2023-10-09,32.2652
2023-10-10,32.3631
2023-10-11,33.0147
2023-10-12,32.5842
2023-10-13,32.5716
2023-10-16,32.9046
2023-10-17,32.7282
2023-10-18,32.014
2023-10-19,31.231
2023-10-20,31.0626
2023-10-23,30.7996
2023-10-24,31.1668
2023-10-25,30.5223
2023-10-26,31.1782
2023-10-27,30.6795
2023-10-30,30.7732
2023-10-31,31.3991
2023-11-01,31.559
2023-11-02,32.5351
2023-11-03,33.301
2023-11-06,32.8303
2023-11-07,32.543
2023-11-08,32.7313
2023-11-09,32.2371
2023-11-10,32.5913
2023-11-13,32.3237
2023-11-14,34.0444
2023-11-15,34.0999
2023-11-16,34.1101
2023-11-17,34.0439
2023-11-20,34.3136
2023-11-21,34.1518
2023-11-22,34.277
2023-11-24,34.4013
2023-11-27,34.5314
2023-11-28,34.709
2023-11-29,34.963
2023-11-30,35.2524
2023-12-01,35.996
2023-12-04,36.188
2023-12-05,36.0236
2023-12-06,35.9015
2023-12-07,35.9349
2023-12-08,35.8525
2023-12-11,35.9695
2023-12-12,35.953
2023-12-13,37.2389
2023-12-14,38.2162
2023-12-15,37.7413
2023-12-18,37.6077
2023-12-19,37.8695
2023-12-20,37.3722
2023-12-21,37.7151
2023-12-22,37.8373
2023-12-26,38.1336
2023-12-27,38.3093
2023-12-28,38.5131
2023-12-29,38.0611
2024-01-02,37.6181
2024-01-03,36.7334
2024-01-04,36.6344
2024-01-05,36.5636
2024-01-08,37.0856
2024-01-09,36.8134
2024-01-10,36.8629
2024-01-11,36.5103
2024-01-12,36.7955
2024-01-16,36.5708
2024-01-17,35.8857
2024-01-18,35.6664
2024-01-19,36.0104
2024-01-22,36.1687
2024-01-23,35.9848
2024-01-24,35.4962
2024-01-25,35.9605
2024-01-26,35.8269
2024-01-29,36.0699
2024-01-30,35.74
2024-01-31,35.4867
2024-02-01,36.1081
2024-02-02,35.6521
2024-02-05,34.941
2024-02-06,35.4627
2024-02-07,35.4418
2024-02-08,35.6413
2024-02-09,35.7416
2024-02-12,35.6108
2024-02-13,34.9567
2024-02-14,35.2028
2024-02-15,36.0341
2024-02-16,35.677
2024-02-20,35.6137
2024-02-21,35.8697
2024-02-22,35.9567
2024-02-23,35.9929
2024-02-26,35.5817
2024-02-27,35.595
2024-02-28,36.0519
2024-02-29,36.3573
2024-03-01,36.7513
2024-03-04,37.1433
2024-03-05,36.6844
2024-03-06,36.8858
2024-03-07,36.8681
2024-03-08,37.2859
2024-03-11,37.1044
2024-03-12,36.9683
2024-03-13,36.7457
2024-03-14,36.1541
2024-03-15,36.1213
2024-03-18,36.116
2024-03-19,36.1168
2024-03-20,36.2558
2024-03-21,36.4131
2024-03-22,35.9615
2024-03-25,35.8116
2024-03-26,35.65
2024-03-27,36.5127
2024-03-28,36.7649
2024-04-01,36.9901
2024-04-02,36.5745
2024-04-03,36.5958
2024-04-04,36.3121
2024-04-05,36.5471
2024-04-08,36.8463
2024-04-09,37.3214
2024-04-10,35.7914
2024-04-11,35.801
2024-04-12,35.4276
2024-04-15,34.7991
2024-04-16,34.2665
2024-04-17,33.9939
2024-04-18,34.0016
2024-04-19,34.1374
2024-04-22,34.3998
2024-04-23,34.6985
2024-04-24,34.8414
2024-04-25,34.6599
2024-04-26,34.6843
2024-04-29,35.0583
2024-04-30,34.4117
2024-05-01,34.4534
2024-05-02,34.9266
2024-05-03,35.2143
2024-05-06,35.2057
2024-05-07,35.5808
2024-05-08,35.2601
2024-05-09,36.0744
2024-05-10,35.9307
2024-05-13,36.0353
2024-05-14,36.2832
2024-05-15,36.8949
2024-05-16,36.8409
2024-05-17,36.8381
2024-05-20,36.5872
2024-05-21,36.5674
2024-05-22,36.2535
2024-05-23,35.4711
2024-05-24,35.4759
2024-05-28,35.2532
2024-05-29,34.9271
2024-05-30,35.4548
2024-05-31,36.115
2024-06-03,35.9885
2024-06-04,36.3289
2024-06-05,36.2771
2024-06-06,36.3469
2024-06-07,36.0336
2024-06-10,36.1945
2024-06-11,36.0954
2024-06-12,36.3423
2024-06-13,36.5195
2024-06-14,36.4631
2024-06-17,36.2084
2024-06-18,36.3398
2024-06-20,36.2473
2024-06-21,36.3464
2024-06-24,36.6008
2024-06-25,36.0835
2024-06-26,36.0368
2024-06-27,36.3703
2024-06-28,36.5969
2024-07-01,36.0156
2024-07-02,36.1606
2024-07-03,36.1457
2024-07-05,36.2621
2024-07-08,36.324
2024-07-09,36.3487
2024-07-10,36.6137
2024-07-11,37.5882
2024-07-12,37.8463
2024-07-15,37.9982
2024-07-16,38.3909
2024-07-17,38.7006
2024-07-18,38.3861
2024-07-19,38.3395
2024-07-22,38.7145
2024-07-23,38.6478
2024-07-24,38.13
2024-07-25,37.9125
2024-07-26,38.5455
2024-07-29,38.7845
2024-07-30,39.0788
2024-07-31,38.9645
2024-08-01,39.5802
2024-08-02,39.616
2024-08-05,38.4459
2024-08-06,39.3283
2024-08-07,39.014
2024-08-08,39.3612
2024-08-09,39.5535
2024-08-12,39.2984
2024-08-13,39.5781
2024-08-14,39.7325
2024-08-15,39.5973
2024-08-16,39.5827
2024-08-19,39.8368
2024-08-20,39.8612
2024-08-21,39.9909
2024-08-22,40.2148
2024-08-23,41.0193
2024-08-26,40.9702
2024-08-27,41.0726
2024-08-28,40.9273
2024-08-29,40.7629
2024-08-30,41.1616
2024-09-03,41.2715
2024-09-04,41.3749
2024-09-05,41.2225
2024-09-06,41.2253
2024-09-09,41.6998
2024-09-10,42.4366
2024-09-11,42.3373
2024-09-12,42.3811
2024-09-13,42.6299
2024-09-16,42.7206
2024-09-17,42.3608
2024-09-18,42.2349
2024-09-19,42.1376
2024-09-20,42.0696
2024-09-23,42.5437
2024-09-24,42.5164
2024-09-25,42.346
2024-09-26,41.9029
2024-09-27,41.9812
2024-09-30,42.3023
2024-10-01,41.9606
2024-10-02,41.8042
2024-10-03,41.3954
2024-10-04,41.1273
2024-10-07,40.8274
2024-10-08,40.9416
2024-10-09,40.9519
2024-10-10,40.5896
2024-10-11,41.0181
2024-10-14,41.2977
2024-10-15,41.8067
2024-10-16,42.2301
2024-10-17,41.9431
2024-10-18,42.2497
2024-10-21,41.3701
2024-10-22,41.4349
2024-10-23,41.8586
2024-10-24,41.9494
2024-10-25,41.6315
2024-10-28,41.7469
2024-10-29,41.354
2024-10-30,41.5144
2024-10-31,40.7978
2024-11-01,40.3531
2024-11-04,40.8094
2024-11-05,41.3658
2024-11-06,40.2753
2024-11-07,40.7539
2024-11-08,41.4323
2024-11-11,41.0989
2024-11-12,40.5697
2024-11-13,40.8649
2024-11-14,40.4839
2024-11-15,40.5493
2024-11-18,40.8909
2024-11-19,41.0749
2024-11-20,40.9996
2024-11-21,41.2631
2024-11-22,41.6086
2024-11-25,42.1412
2024-11-26,42.3624
2024-11-27,42.6455
2024-11-29,42.4226
2024-12-02,41.8116
2024-12-03,41.5555
2024-12-04,41.4309
2024-12-05,41.3136
2024-12-06,41.2961
2024-12-09,41.3339
2024-12-10,40.66
2024-12-11,40.562
2024-12-12,40.528
2024-12-13,40.293
2024-12-16,40.0514
2024-12-17,39.8374
2024-12-18,38.2559
2024-12-19,37.6085
2024-12-20,38.2928
2024-12-23,38.4825
2024-12-24,38.7576
2024-12-26,38.8121
2024-12-27,38.4258
2024-12-30,38.2524
2024-12-31,38.5429
2025-01-02,37.4787
2025-01-03,37.9874
2025-01-06,37.4539
2025-01-07,37.1832
2025-01-08,37.3473
2025-01-10,36.4294
2025-01-13,36.885
2025-01-14,37.2099
2025-01-15,37.3739
2025-01-16,38.2082
2025-01-17,38.1923
2025-01-21,38.8913
2025-01-22,38.206
2025-01-23,38.5201
2025-01-24,38.6405
2025-01-27,39.0268
2025-01-28,38.5415
2025-01-29,38.0828
2025-01-30,38.6016
2025-01-31,38.5161
2025-02-03,38.4357
2025-02-04,38.4379
2025-02-05,39.047
2025-02-06,39.1658
2025-02-07,39.003
2025-02-10,39.0757
2025-02-11,39.2932
2025-02-12,38.9342
2025-02-13,39.2613
2025-02-14,39.088
2025-02-18,39.2454
2025-02-19,39.3096
2025-02-20,39.5793
2025-02-21,39.2615
2025-02-24,39.4012
2025-02-25,39.8524
2025-02-26,39.6179
2025-02-27,39.774
2025-02-28,40.0956
2025-03-03,40.4057
2025-03-04,39.9167
2025-03-05,40.3196
2025-03-06,39.1991
2025-03-07,39.4334
2025-03-10,39.0302
2025-03-11,38.6263
2025-03-12,38.4784
2025-03-13,37.7079
2025-03-14,38.4014
2025-03-17,39.0347
2025-03-18,38.7853
2025-03-19,38.8136
2025-03-20,38.7774
2025-03-21,38.3798
2025-03-24,38.9292
2025-03-25,38.4561
2025-03-26,38.6541
2025-03-27,38.5565
2025-03-28,38.5518
2025-03-31,38.8902
2025-04-01,36.8013
2025-04-02,36.9754
2025-04-03,35.8737
2025-04-04,34.2153
2025-04-07,33.3944
2025-04-08,32.5731
2025-04-09,34.4437
2025-04-10,33.729
2025-04-11,34.1614
2025-04-14,34.8963
2025-04-15,34.9778
2025-04-16,34.9226
2025-04-17,35.487
2025-04-21,34.7472
2025-04-22,35.472
2025-04-23,35.5175
2025-04-24,35.6073
2025-04-25,35.5627
2025-04-28,35.8061
2025-04-29,36.072
2025-04-30,36.2754
2025-05-01,36.3301
2025-05-02,36.7842
2025-05-05,36.7301
2025-05-06,36.4771
2025-05-07,36.4683
2025-05-08,36.2716
2025-05-09,36.5057
2025-05-12,36.5188
2025-05-13,36.0436
2025-05-14,35.7189
2025-05-15,36.3744
2025-05-16,36.8349
2025-05-19,36.9127
2025-05-20,36.7097
2025-05-21,35.743
2025-05-22,35.596
2025-05-23,35.6112
2025-05-27,36.1969
2025-05-28,36.1921
2025-05-29,36.5339
2025-05-30,36.5836
2025-06-02,36.6091
2025-06-03,36.4658
2025-06-04,36.5896
2025-06-05,36.5636
2025-06-06,36.6749
2025-06-09,36.6501
2025-06-10,36.9557
2025-06-11,36.7534
2025-06-12,36.9498
2025-06-13,36.5889
2025-06-16,36.5838
2025-06-17,36.4354
2025-06-18,36.4857
2025-06-20,36.4631
2025-06-23,37.0068
2025-06-24,37.1595
2025-06-25,36.2463
2025-06-26,36.0148
2025-06-27,36.1725
2025-06-30,36.405
2025-07-01,35.1426
2025-07-02,35.1999
2025-07-03,35.242
2025-07-07,34.9565
2025-07-08,34.9036
2025-07-09,34.8948
2025-07-10,35.063
2025-07-11,35.0384
2025-07-14,35.2727
2025-07-15,34.8152
2025-07-16,35.1869
2025-07-17,35.1318
2025-07-18,35.2566
2025-07-21,35.3808
2025-07-22,36.0125
2025-07-23,36.0768
2025-07-24,36.0391
2025-07-25,36.0449
2025-07-28,35.4141
2025-07-29,36.0159
2025-07-30,35.5005
2025-07-31,34.884
2025-08-01,34.7952
2025-08-04,35.0765
2025-08-05,35.178
2025-08-06,34.8908
2025-08-07,35.0318
2025-08-08,34.7449
2025-08-11,34.5196
2025-08-12,34.5963
2025-08-13,34.8154
2025-08-14,34.5636
2025-08-15,34.7984
2025-08-18,34.4666
2025-08-19,35.0887
2025-08-20,35.2076
2025-08-21,35.0725
2025-08-22,35.6413
2025-08-25,35.4507
2025-08-26,35.337
2025-08-27,35.4905
2025-08-28,35.397
2025-08-29,35.5933
2025-09-02,34.975
2025-09-03,34.9029
2025-09-04,35.1277
2025-09-05,35.4726
2025-09-08,35.2318
2025-09-09,35.2036
2025-09-10,35.1783
2025-09-11,35.7529
2025-09-12,35.5854
2025-09-15,35.4798
2025-09-16,35.2448
2025-09-17,35.2229
2025-09-18,35.2434
2025-09-19,35.0783
2025-09-22,35.1902
2025-09-23,35.477
2025-09-24,35.1175
2025-09-25,35.0238
2025-09-26,35.388
2025-09-29,35.4409
2025-09-30,35.5421
2025-10-01,33.5406
2025-10-02,33.3594
2025-10-03,33.4849
2025-10-06,33.1545
2025-10-07,33.0574
2025-10-08,32.8913
2025-10-09,32.7474
2025-10-10,32.3808
2025-10-13,32.5413
2025-10-14,32.8855
2025-10-15,33.378
2025-10-16,33.2763
2025-10-17,33.4938
2025-10-20,33.8551
2025-10-21,33.7349
2025-10-22,33.8754
2025-10-23,33.8513
2025-10-24,33.9772
2025-10-27,34.0679
2025-10-28,33.3109
2025-10-29,32.4241
2025-10-30,32.6333
2025-10-31,32.6492
2025-11-03,32.5953
2025-11-04,32.6963
2025-11-05,32.6763
2025-11-06,32.5362
2025-11-07,32.9707
2025-11-10,32.9238
2025-11-11,33.2797
2025-11-12,33.0228
2025-11-13,32.5895
2025-11-14,32.6804
2025-11-17,32.4925
2025-11-18,32.6108
2025-11-19,32.3532
2025-11-20,32.2327
2025-11-21,32.6533
2025-11-24,32.7133
2025-11-25,32.9538
2025-11-26,33.1187
2025-11-28,33.2493
2025-12-01,32.7869
2025-12-02,32.7206
2025-12-03,32.7884
2025-12-04,32.7489
2025-12-05,32.7506
2025-12-08,32.5359
2025-12-09,32.3386
2025-12-10,32.3573
2025-12-11,32.5172
2025-12-12,32.4801
2025-12-15,32.5698
2025-12-16,32.2599
2025-12-17,32.3501
2025-12-18,32.1511
2025-12-19,32.0404
2025-12-22,32.2672
2025-12-23,32.2626
2025-12-24,32.4773
2025-12-26,32.5209
2025-12-29,32.595
2025-12-30,32.6487
2025-12-31,32.3238
2026-01-01,34.2053
2026-01-02,30.5595
2026-01-05,30.6046
2026-01-06,30.794
2026-01-07,30.3736
2026-01-08,30.6126
2026-01-09,30.6701
2026-01-12,30.7418
2026-01-13,30.9934
2026-01-14,31.3268
2026-01-15,31.5391
2026-01-16,31.9173
2026-01-19,35.6669
2026-01-20,31.2941
2026-01-21,31.4148
2026-01-22,31.0693
2026-01-23,31.1628
2026-01-26,31.1577
2026-01-27,31.2009
2026-01-28,30.9133
2026-01-29,31.3527
2026-01-30,31.3806
2026-02-02,31.0304
2026-02-03,30.9416
2026-02-04,31.4149
2026-02-05,31.3008
2026-02-06,31.8649
2026-02-09,32.0513
2026-02-10,32.4977
2026-02-11,32.5147
2026-02-12,32.6159
2026-02-13,33.0991
2026-02-16,36.7384
2026-02-17,33.441
2026-02-18,32.9547
2026-02-19,32.8443
2026-02-20,33.1035
2026-02-23,33.1682
2026-02-24,33.244
2026-02-25,33.0133
2026-02-26,33.1682
2026-02-27,33.335
2026-03-02,33.4136
2026-03-03,33.2154
2026-03-04,33.2589
2026-03-05,32.9217
2026-03-06,32.568
2026-03-09,32.6428
2026-03-10,32.5904
2026-03-11,32.2262
2026-03-12,32.0245
2026-03-13,32.0889
2026-03-16,32.3191
2026-03-17,32.3846
2026-03-18,31.8646
2026-03-19,31.7917
2026-03-20,30.7901
2026-03-23,30.9816
2026-03-24,30.7454
2026-03-25,30.7343
2026-03-26,30.7351
2026-03-27,30.5611
2026-03-30,30.6765
2026-03-31,31.1359
2026-04-01,31.2493
2026-04-02,35.4397
2026-04-03,35.4296
2026-04-06,35.4924
2026-04-07,35.4445
2026-04-08,36.0443
2026-04-09,36.3356
2026-04-10,36.3629
2026-04-13,36.476
2026-04-14,36.7576
2026-04-15,36.7378
2026-04-16,37.0797
2026-04-17,37.6251
2026-04-20,37.6812
2026-04-21,36.9485
2026-04-22,36.7221
2026-04-23,37.0633
2026-04-24,36.8898
2026-04-27,36.5413
2026-04-28,36.5318
