date,price
2006-04-25,19.63
2006-04-26,19.67
2006-04-27,19.747
2006-04-28,19.7
2006-05-01,19.53
2006-05-02,19.61
2006-05-03,19.607
2006-05-04,19.792
2006-05-05,20
2006-05-08,20.04
2006-05-09,20.01
2006-05-10,19.888
2006-05-11,19.472
2006-05-12,19.11
2006-05-15,18.975
2006-05-16,18.98
2006-05-17,18.7
2006-05-18,18.51
2006-05-19,18.61
2006-05-22,18.47
2006-05-23,18.3
2006-05-24,18.04
2006-05-25,18.515
2006-05-26,18.62
2006-05-30,18.31
2006-05-31,18.5
2006-06-01,18.86
2006-06-02,18.84
2006-06-05,18.41
2006-06-06,18.32
2006-06-07,18.24
2006-06-08,18.06
2006-06-09,18.12
2006-06-12,17.64
2006-06-13,17.51
2006-06-14,17.57
2006-06-15,18.216
2006-06-16,18.1
2006-06-19,17.914
2006-06-20,17.88
2006-06-21,18.25
2006-06-22,18.057
2006-06-23,18.149
2006-06-26,18.13
2006-06-27,17.86
2006-06-28,17.9
2006-06-29,18.45
2006-06-30,18.415
2006-07-03,18.5
2006-07-05,18.12
2006-07-06,18.08
2006-07-07,17.83
2006-07-10,17.6
2006-07-11,17.67
2006-07-12,17.434
2006-07-13,17.2
2006-07-14,17.05
2006-07-17,16.96
2006-07-18,17.03
2006-07-19,17.33
2006-07-20,17
2006-07-21,16.64
2006-07-24,17.045
2006-07-25,17.19
2006-07-26,17.14
2006-07-27,16.99
2006-07-28,17.31
2006-07-31,17.29
2006-08-01,17.04
2006-08-02,17.23
2006-08-03,17.4
2006-08-04,17.267
2006-08-07,17.15
2006-08-08,17.07
2006-08-09,17.04
2006-08-10,17.17
2006-08-11,17.05
2006-08-14,17.19
2006-08-15,17.65
2006-08-16,18.01
2006-08-17,18.16
2006-08-18,18.14
2006-08-21,17.97
2006-08-22,17.95
2006-08-23,17.79
2006-08-24,17.83
2006-08-25,17.892
2006-08-28,18.03
2006-08-29,18.09
2006-08-30,18.14
2006-08-31,18.16
2006-09-01,18.25
2006-09-05,18.368
2006-09-06,17.97
2006-09-07,17.83
2006-09-08,18
2006-09-11,18.12
2006-09-12,18.55
2006-09-13,18.68
2006-09-14,18.68
2006-09-15,18.72
2006-09-18,18.74
2006-09-19,18.6
2006-09-20,18.87
2006-09-21,18.71
2006-09-22,18.598
2006-09-25,18.9
2006-09-26,18.97
2006-09-27,18.91
2006-09-28,18.96
2006-09-29,18.89
2006-10-02,18.75
2006-10-03,18.76
2006-10-04,19.2
2006-10-05,19.33
2006-10-06,19.22
2006-10-09,19.33
2006-10-10,19.31
2006-10-11,19.3
2006-10-12,19.58
2006-10-13,19.69
2006-10-16,19.74
2006-10-17,19.5
2006-10-18,19.38
2006-10-19,19.35
2006-10-20,19.26
2006-10-23,19.34
2006-10-24,19.31
2006-10-25,19.42
2006-10-26,19.62
2006-10-27,19.35
2006-10-30,19.54
2006-10-31,19.53
2006-11-01,19.01
2006-11-02,19.3
2006-11-03,19.25
2006-11-06,19.626
2006-11-07,19.74
2006-11-08,19.88
2006-11-09,19.74
2006-11-10,19.87
2006-11-13,20.03
2006-11-14,20.26
2006-11-15,20.4
2006-11-16,20.39
2006-11-17,20.38
2006-11-20,20.41
2006-11-21,20.45
2006-11-22,20.66
2006-11-24,20.59
2006-11-27,20.16
2006-11-28,20.19
2006-11-29,20.31
2006-11-30,20.42
2006-12-01,20.02
2006-12-04,20.52
2006-12-05,20.53
2006-12-06,20.51
2006-12-07,20.36
2006-12-08,20.37
2006-12-11,20.45
2006-12-12,20.33
2006-12-13,20.31
2006-12-14,20.66
2006-12-15,20.66
2006-12-18,20.4915
2006-12-19,20.33
2006-12-20,20.41
2006-12-21,20.27
2006-12-22,20.08
2006-12-26,20.13
2006-12-27,20.28
2006-12-28,20.21
2006-12-29,20.15
2007-01-03,20.18
2007-01-04,20.47
2007-01-05,20.41
2007-01-08,20.42
2007-01-09,20.48
2007-01-10,20.64
2007-01-11,20.8098
2007-01-12,21.04
2007-01-16,21.02
2007-01-17,20.91
2007-01-18,20.57
2007-01-19,20.57
2007-01-22,20.39
2007-01-23,20.38
2007-01-24,20.68
2007-01-25,20.35
2007-01-26,20.36
2007-01-29,20.35
2007-01-30,20.4
2007-01-31,20.614
2007-02-01,20.6
2007-02-02,20.75
2007-02-05,20.82
2007-02-06,20.78
2007-02-07,21
2007-02-08,21.01
2007-02-09,20.71
2007-02-12,20.64
2007-02-13,20.636
2007-02-14,21.05
2007-02-15,21.14
2007-02-16,21.13
2007-02-20,21.31
2007-02-21,21.32
2007-02-22,21.39
2007-02-23,21.334
2007-02-26,21.196
2007-02-27,20.49
2007-02-28,20.46
2007-03-01,20.268
2007-03-02,20.09
2007-03-05,19.71
2007-03-06,20.05
2007-03-07,20.01
2007-03-08,20.16
2007-03-09,20.2
2007-03-12,20.319
2007-03-13,19.89
2007-03-14,19.98
2007-03-15,20.04
2007-03-16,19.97
2007-03-19,20.15
2007-03-20,20.34
2007-03-21,20.69
2007-03-22,20.7
2007-03-23,20.7
2007-03-26,20.7
2007-03-27,20.61
2007-03-28,20.4099
2007-03-29,20.37
2007-03-30,20.366
2007-04-02,20.43
2007-04-03,20.663
2007-04-04,20.66
2007-04-05,20.83
2007-04-09,20.89
2007-04-10,20.94
2007-04-11,20.76
2007-04-12,20.99
2007-04-13,21.07
2007-04-16,21.244
2007-04-17,21.26
2007-04-18,21.3
2007-04-19,21.19
2007-04-20,21.35
2007-04-23,21.42
2007-04-24,21.54
2007-04-25,21.8
2007-04-26,21.89
2007-04-27,21.8
2007-04-30,21.52
2007-05-01,21.55
2007-05-02,21.77
2007-05-03,21.83
2007-05-04,21.83
2007-05-07,21.79
2007-05-08,21.79
2007-05-09,21.91
2007-05-10,21.54
2007-05-11,21.76
2007-05-14,21.61
2007-05-15,21.52
2007-05-16,21.62
2007-05-17,21.66
2007-05-18,21.69
2007-05-21,21.89
2007-05-22,21.94
2007-05-23,21.85
2007-05-24,21.52
2007-05-25,21.64
2007-05-29,21.75
2007-05-30,21.95
2007-05-31,22.06
2007-06-01,22.18
2007-06-04,22.1555
2007-06-05,22.08
2007-06-06,21.88
2007-06-07,21.46
2007-06-08,21.67
2007-06-11,21.8
2007-06-12,21.635
2007-06-13,21.7152
2007-06-14,22.05
2007-06-15,22.2034
2007-06-18,22.188
2007-06-19,22.208
2007-06-20,21.97
2007-06-21,22.1222
2007-06-22,22.04
2007-06-25,21.84
2007-06-26,21.85
2007-06-27,22.08
2007-06-28,22.184
2007-06-29,22.09
2007-07-02,22.333
2007-07-03,22.369
2007-07-05,22.5
2007-07-06,22.59
2007-07-09,22.71
2007-07-10,22.466
2007-07-11,22.63
2007-07-12,23.014
2007-07-13,23.07
2007-07-16,23.0456
2007-07-17,23.2
2007-07-18,23.06
2007-07-19,23.38
2007-07-20,23.16
2007-07-23,23.17
2007-07-24,22.834
2007-07-25,22.91
2007-07-26,22.26
2007-07-27,22.11
2007-07-30,22.357
2007-07-31,21.99
2007-08-01,22.11
2007-08-02,22.34
2007-08-03,21.84
2007-08-06,22.109
2007-08-07,22.35
2007-08-08,22.67
2007-08-09,22.32
2007-08-10,22.15
2007-08-13,22.09
2007-08-14,21.76
2007-08-15,21.38
2007-08-16,21.16
2007-08-17,21.55
2007-08-20,21.63
2007-08-21,21.78
2007-08-22,22.08
2007-08-23,21.98
2007-08-24,22.31
2007-08-27,22.24
2007-08-28,21.73
2007-08-29,22.12
2007-08-30,22.29
2007-08-31,22.57
2007-09-04,22.9285
2007-09-05,22.74
2007-09-06,22.83
2007-09-07,22.3
2007-09-10,22.33
2007-09-11,22.66
2007-09-12,22.6
2007-09-13,22.68
2007-09-14,22.72
2007-09-17,22.48
2007-09-18,23.1
2007-09-19,23.22
2007-09-20,23.08
2007-09-21,23.15
2007-09-24,23
2007-09-25,23.21
2007-09-26,23.336
2007-09-27,23.52
2007-09-28,23.48
2007-10-01,23.79
2007-10-02,23.87
2007-10-03,23.91
2007-10-04,23.77
2007-10-05,24.12
2007-10-08,24.09
2007-10-09,24.2344
2007-10-10,24.282
2007-10-11,23.924
2007-10-12,24.29
2007-10-15,24.15
2007-10-16,24
2007-10-17,24.024
2007-10-18,24.26
2007-10-19,23.54
2007-10-22,23.79
2007-10-23,24.1
2007-10-24,23.79
2007-10-25,23.63
2007-10-26,23.84
2007-10-29,23.93
2007-10-30,23.92
2007-10-31,24.08
2007-11-01,23.69
2007-11-02,23.83
2007-11-05,23.6
2007-11-06,23.71
2007-11-07,23.16
2007-11-08,22.92
2007-11-09,22.25
2007-11-12,21.75
2007-11-13,22.41
2007-11-14,22.2
2007-11-15,22.07
2007-11-16,22.25
2007-11-19,21.89
2007-11-20,21.68
2007-11-21,21.42
2007-11-23,21.62
2007-11-26,21.25
2007-11-27,21.76
2007-11-28,22.39
2007-11-29,22.43
2007-11-30,22.47
2007-12-03,22.4
2007-12-04,22.28
2007-12-05,22.64
2007-12-06,22.88
2007-12-07,22.9422
2007-12-10,23.03
2007-12-11,22.5
2007-12-12,22.48
2007-12-13,22.39
2007-12-14,22.12
2007-12-17,21.6
2007-12-18,21.512
2007-12-19,21.77
2007-12-20,22.11
2007-12-21,22.45
2007-12-24,22.62
2007-12-26,22.69
2007-12-27,22.272
2007-12-28,22.27
2007-12-31,22.09
2008-01-02,21.647
2008-01-03,21.5923
2008-01-04,20.87
2008-01-07,20.78
2008-01-08,20.36
2008-01-09,20.502
2008-01-10,20.72
2008-01-11,20.18
2008-01-14,20.59
2008-01-15,20.08
2008-01-16,20.386
2008-01-17,19.79
2008-01-18,19.77
2008-01-22,19.42
2008-01-23,19.7
2008-01-24,20.01
2008-01-25,19.83
2008-01-28,20
2008-01-29,20.08
2008-01-30,20.15
2008-01-31,20.32
2008-02-01,20.82
2008-02-04,20.56
2008-02-05,19.91
2008-02-06,19.57
2008-02-07,19.56
2008-02-08,19.82
2008-02-11,20.03
2008-02-12,19.93
2008-02-13,20.37
2008-02-14,20
2008-02-15,19.78
2008-02-19,19.75
2008-02-20,19.97
2008-02-21,19.72
2008-02-22,19.89
2008-02-25,20.14
2008-02-26,20.22
2008-02-27,20.18
2008-02-28,19.9901
2008-02-29,19.4
2008-03-03,19.35
2008-03-04,19.45
2008-03-05,19.5699
2008-03-06,19.2
2008-03-07,18.95
2008-03-10,18.51
2008-03-11,18.99
2008-03-12,19.07
2008-03-13,19.18
2008-03-14,18.9822
2008-03-17,18.57
2008-03-18,19.1
2008-03-19,18.74
2008-03-20,19.03
2008-03-24,19.8
2008-03-25,19.88
2008-03-26,19.72
2008-03-27,19.39
2008-03-28,19.05
2008-03-31,19.23
2008-04-01,20.1
2008-04-02,20.07
2008-04-03,20.24
2008-04-04,20.2799
2008-04-07,20.21
2008-04-08,20.04
2008-04-09,19.79
2008-04-10,19.97
2008-04-11,19.5
2008-04-14,19.35
2008-04-15,19.37
2008-04-16,19.94
2008-04-17,19.88
2008-04-18,20.34
2008-04-21,20.417
2008-04-22,20
2008-04-23,20.33
2008-04-24,20.54
2008-04-25,20.6
2008-04-28,20.61
2008-04-29,20.74
2008-04-30,20.5344
2008-05-01,21.11
2008-05-02,21.05
2008-05-05,20.97
2008-05-06,21.17
2008-05-07,20.7084
2008-05-08,20.776
2008-05-09,20.88
2008-05-12,21.14
2008-05-13,21.2
2008-05-14,21.379
2008-05-15,21.69
2008-05-16,21.768
2008-05-19,21.57
2008-05-20,21.266
2008-05-21,20.93
2008-05-22,21.05
2008-05-23,20.82
2008-05-27,21.14
2008-05-28,21.2499
2008-05-29,21.554
2008-05-30,21.66
2008-06-02,21.39
2008-06-03,21.41
2008-06-04,21.65
2008-06-05,22.06
2008-06-06,21.34
2008-06-09,21.2
2008-06-10,20.94
2008-06-11,20.483
2008-06-12,20.42
2008-06-13,20.83
2008-06-16,21.15
2008-06-17,20.87
2008-06-18,20.56
2008-06-19,20.9
2008-06-20,20.3
2008-06-23,20.07
2008-06-24,19.96
2008-06-25,20.25
2008-06-26,19.57
2008-06-27,19.47
2008-06-30,19.35
2008-07-01,19.3999
2008-07-02,18.96
2008-07-03,18.85
2008-07-07,18.93
2008-07-08,19.21
2008-07-09,18.77
2008-07-10,18.82
2008-07-11,18.61
2008-07-14,18.55
2008-07-15,18.55
2008-07-16,19.16
2008-07-17,19.44
2008-07-18,19.35
2008-07-21,19.262
2008-07-22,19.27
2008-07-23,19.51
2008-07-24,19.13
2008-07-25,19.25
2008-07-28,18.85
2008-07-29,19.3
2008-07-30,19.29
2008-07-31,19.26
2008-08-01,18.96
2008-08-04,18.79
2008-08-05,19.39
2008-08-06,19.57
2008-08-07,19.32
2008-08-08,19.71
2008-08-11,19.8899
2008-08-12,19.88
2008-08-13,19.79
2008-08-14,20.14
2008-08-15,20.147
2008-08-18,19.84
2008-08-19,19.54
2008-08-20,19.55
2008-08-21,19.54
2008-08-22,19.81
2008-08-25,19.41
2008-08-26,19.34
2008-08-27,19.45
2008-08-28,19.73
2008-08-29,19.4301
2008-09-02,19.27
2008-09-03,19.05
2008-09-04,18.5
2008-09-05,18.56
2008-09-08,18.58
2008-09-09,18.11
2008-09-10,18.29
2008-09-11,18.56
2008-09-12,18.61
2008-09-15,18.0415
2008-09-16,18.32
2008-09-17,17.71
2008-09-18,18.06
2008-09-19,18.49
2008-09-22,17.78
2008-09-23,17.84
2008-09-24,17.7
2008-09-25,17.91
2008-09-26,17.88
2008-09-29,16.65
2008-09-30,17.16
2008-10-01,16.81
2008-10-02,16.1299
2008-10-03,15.79
2008-10-06,14.8132
2008-10-07,14.25
2008-10-08,14.2101
2008-10-09,13.28
2008-10-10,12.94
2008-10-13,14.55
2008-10-14,14.12
2008-10-15,12.88
2008-10-16,13.178
2008-10-17,13.35
2008-10-20,13.7521
2008-10-21,13.48
2008-10-22,12.266
2008-10-23,12.22
2008-10-24,11.886
2008-10-27,11.52
2008-10-28,12.33
2008-10-29,13.02
2008-10-30,13.15
2008-10-31,13.27
2008-11-03,13.49
2008-11-04,13.88
2008-11-05,13.2
2008-11-06,12.546
2008-11-07,12.81
2008-11-10,12.53
2008-11-11,12.32
2008-11-12,11.6562
2008-11-13,11.87
2008-11-14,11.89
2008-11-17,11.48
2008-11-18,11.327
2008-11-19,10.6601
2008-11-20,10.16
2008-11-21,10.58
2008-11-24,11.31
2008-11-25,11.33
2008-11-26,11.62
2008-12-01,11.2
2008-12-02,11.2
2008-12-03,11.63
2008-12-04,11.1899
2008-12-05,11.75
2008-12-08,12.2832
2008-12-09,12.16
2008-12-10,12.3199
2008-12-11,11.88
2008-12-12,12.094
2008-12-15,11.766
2008-12-16,12.556
2008-12-17,12.655
2008-12-18,12.286
2008-12-19,12.43
2008-12-22,11.98
2008-12-23,11.9
2008-12-24,11.96
2008-12-26,11.99
2008-12-29,11.8201
2008-12-30,12.2
2008-12-31,12.464
2009-01-02,12.92
2009-01-05,13.013
2009-01-06,13.21
2009-01-07,12.8501
2009-01-08,12.9
2009-01-09,12.58
2009-01-12,12.19
2009-01-13,12.298
2009-01-14,11.89
2009-01-15,12.13
2009-01-16,12.29
2009-01-20,11.63
2009-01-21,12.01
2009-01-22,11.7356
2009-01-23,11.85
2009-01-26,11.8806
2009-01-27,12.07
2009-01-28,12.51
2009-01-29,12.29
2009-01-30,11.88
2009-02-02,11.97
2009-02-03,12.2
2009-02-04,12.2778
2009-02-05,12.559
2009-02-06,12.92
2009-02-09,12.948
2009-02-10,12.39
2009-02-11,12.35
2009-02-12,12.47
2009-02-13,12.56
2009-02-17,11.95
2009-02-18,11.9001
2009-02-19,11.74
2009-02-20,11.77
2009-02-23,11.32
2009-02-24,11.76
2009-02-25,11.734
2009-02-26,11.3
2009-02-27,11.29
2009-03-02,10.68
2009-03-03,10.77
2009-03-04,11.18
2009-03-05,10.73
2009-03-06,10.625
2009-03-09,10.663
2009-03-10,11.137
2009-03-11,11.31
2009-03-12,11.762
2009-03-13,11.84
2009-03-16,11.64
2009-03-17,11.94
2009-03-18,12.37
2009-03-19,12.33
2009-03-20,12.08
2009-03-23,12.8
2009-03-24,12.55
2009-03-25,12.68
2009-03-26,13.11
2009-03-27,12.92
2009-03-30,12.394
2009-03-31,12.687
2009-04-01,12.69
2009-04-02,13.2799
2009-04-03,13.42
2009-04-06,13.332
2009-04-07,12.86
2009-04-08,13.15
2009-04-09,13.695
2009-04-13,13.68
2009-04-14,13.56
2009-04-15,13.43
2009-04-16,13.97
2009-04-17,14.09
2009-04-20,13.55
2009-04-21,13.71
2009-04-22,13.84
2009-04-23,13.78
2009-04-24,14.223
2009-04-27,14.04
2009-04-28,13.96
2009-04-29,14.25
2009-04-30,14.54
2009-05-01,14.66
2009-05-04,15.13
2009-05-05,15.124
2009-05-06,15.04
2009-05-07,14.58
2009-05-08,14.8
2009-05-11,14.76
2009-05-12,14.55
2009-05-13,14.05
2009-05-14,14.2
2009-05-15,14.24
2009-05-18,14.6538
2009-05-19,14.82
2009-05-20,14.712
2009-05-21,14.38
2009-05-22,14.51
2009-05-26,14.84
2009-05-27,14.72
2009-05-28,14.93
2009-05-29,15.11
2009-06-01,15.62
2009-06-02,15.64
2009-06-03,15.32
2009-06-04,15.61
2009-06-05,15.51
2009-06-08,15.5
2009-06-09,15.68
2009-06-10,15.68
2009-06-11,15.8299
2009-06-12,15.6
2009-06-15,15.24
2009-06-16,15.115
2009-06-17,15.104
2009-06-18,15.09
2009-06-19,15.26
2009-06-22,14.76
2009-06-23,14.73
2009-06-24,14.98
2009-06-25,15.28
2009-06-26,15.33
2009-06-29,15.3792
2009-06-30,15.218
2009-07-01,15.36
2009-07-02,14.95
2009-07-06,14.85
2009-07-07,14.5
2009-07-08,14.3569
2009-07-09,14.6
2009-07-10,14.66
2009-07-13,14.86
2009-07-14,15.02
2009-07-15,15.5
2009-07-16,15.73
2009-07-17,15.694
2009-07-20,16
2009-07-21,16.0224
2009-07-22,16.24
2009-07-23,16.68
2009-07-24,16.78
2009-07-27,16.78
2009-07-28,16.7403
2009-07-29,16.687
2009-07-30,16.8099
2009-07-31,16.819
2009-08-03,17.09
2009-08-04,17.16
2009-08-05,17.11
2009-08-06,16.942
2009-08-07,17.29
2009-08-10,17.18
2009-08-11,17.07
2009-08-12,17.3199
2009-08-13,17.43
2009-08-14,17.17
2009-08-17,16.6599
2009-08-18,16.815
2009-08-19,17
2009-08-20,17.14
2009-08-21,17.376
2009-08-24,17.3
2009-08-25,17.3916
2009-08-26,17.43
2009-08-27,17.4235
2009-08-28,17.51
2009-08-31,17.24
2009-09-01,16.934
2009-09-02,16.92
2009-09-03,17.005
2009-09-04,17.4655
2009-09-08,17.678
2009-09-09,17.98
2009-09-10,18.24
2009-09-11,18.25
2009-09-14,18.29
2009-09-15,18.444
2009-09-16,18.69
2009-09-17,18.64
2009-09-18,18.6
2009-09-21,18.736
2009-09-22,18.81
2009-09-23,18.69
2009-09-24,18.38
2009-09-25,18.37
2009-09-28,18.67
2009-09-29,18.5801
2009-09-30,18.62
2009-10-01,18.063
2009-10-02,17.956
2009-10-05,18.1399
2009-10-06,18.47
2009-10-07,18.48
2009-10-08,18.608
2009-10-09,18.75
2009-10-12,18.76
2009-10-13,18.78
2009-10-14,19.1
2009-10-15,19.032
2009-10-16,18.87
2009-10-19,19.1218
2009-10-20,18.95
2009-10-21,18.78
2009-10-22,18.952
2009-10-23,18.74
2009-10-26,18.607
2009-10-27,18.37
2009-10-28,17.78
2009-10-29,18.0899
2009-10-30,17.688
2009-11-02,17.731
2009-11-03,17.85
2009-11-04,17.83
2009-11-05,18.272
2009-11-06,18.36
2009-11-09,18.69
2009-11-10,18.752
2009-11-11,18.866
2009-11-12,18.71
2009-11-13,18.83
2009-11-16,19.15
2009-11-17,19.14
2009-11-18,19.01
2009-11-19,18.674
2009-11-20,18.544
2009-11-23,18.766
2009-11-24,18.754
2009-11-25,18.888
2009-11-27,18.5675
2009-11-30,18.6
2009-12-01,18.945
2009-12-02,18.976
2009-12-03,18.9344
2009-12-04,19.05
2009-12-07,19.13
2009-12-08,18.96
2009-12-09,19.016
2009-12-10,19.15
2009-12-11,19.09
2009-12-14,19.35
2009-12-15,19.34
2009-12-16,19.35
2009-12-17,19.15
2009-12-18,19.31
2009-12-21,19.55
2009-12-22,19.65
2009-12-23,19.73
2009-12-24,19.868
2009-12-28,19.89
2009-12-29,19.87
2009-12-30,19.95
2009-12-31,19.75
2010-01-04,20.06
2010-01-05,20.09
2010-01-06,20.0499
2010-01-07,20.0424
2010-01-08,20.18
2010-01-11,20.2399
2010-01-12,19.92
2010-01-13,20.23
2010-01-14,20.2099
2010-01-15,19.93
2010-01-19,20.162
2010-01-20,19.9099
2010-01-21,19.69
2010-01-22,19.2001
2010-01-25,19.3
2010-01-26,19.2
2010-01-27,19.17
2010-01-28,18.94
2010-01-29,18.67
2010-02-01,18.94
2010-02-02,19.19
2010-02-03,19.18
2010-02-04,18.62
2010-02-05,18.64
2010-02-08,18.692
2010-02-09,18.8124
2010-02-10,18.81
2010-02-11,19.09
2010-02-12,19.08
2010-02-16,19.36
2010-02-17,19.51
2010-02-18,19.62
2010-02-19,19.65
2010-02-22,19.63
2010-02-23,19.4
2010-02-24,19.61
2010-02-25,19.6429
2010-02-26,19.698
2010-03-01,20.06
2010-03-02,20.08
2010-03-03,20.04
2010-03-04,20.12
2010-03-05,20.41
2010-03-08,20.43
2010-03-09,20.47
2010-03-10,20.67
2010-03-11,20.73
2010-03-12,20.74
2010-03-15,20.71
2010-03-16,20.9
2010-03-17,20.96
2010-03-18,21
2010-03-19,20.87
2010-03-22,21.06
2010-03-23,21.25
2010-03-24,21.06
2010-03-25,20.95
2010-03-26,20.94
2010-03-29,21.08
2010-03-30,21.11
2010-03-31,21.003
2010-04-01,21.04
2010-04-05,21.33
2010-04-06,21.37
2010-04-07,21.2185
2010-04-08,21.28
2010-04-09,21.42
2010-04-12,21.47
2010-04-13,21.5104
2010-04-14,21.89
2010-04-15,21.94
2010-04-16,21.64
2010-04-19,21.61
2010-04-20,21.86
2010-04-21,21.7999
2010-04-22,22
2010-04-23,22.1
2010-04-26,22.0899
2010-04-27,21.652
2010-04-28,21.57
2010-04-29,22.04
2010-04-30,21.57
2010-05-03,21.86
2010-05-04,21.172
2010-05-05,21.01
2010-05-06,20.4999
2010-05-07,19.88
2010-05-10,20.83
2010-05-11,20.82
2010-05-12,21.18
2010-05-13,20.844
2010-05-14,20.33
2010-05-17,20.44
2010-05-18,20.12
2010-05-19,19.95
2010-05-20,19.29
2010-05-21,19.53
2010-05-24,19.34
2010-05-25,19.37
2010-05-26,19.26
2010-05-27,20
2010-05-28,19.93
2010-06-01,19.43
2010-06-02,19.98
2010-06-03,20.251
2010-06-04,19.48
2010-06-07,19.09
2010-06-08,19.13
2010-06-09,19.1
2010-06-10,19.72
2010-06-11,19.8234
2010-06-14,19.88
2010-06-15,20.45
2010-06-16,20.44
2010-06-17,20.42
2010-06-18,20.43
2010-06-21,20.25
2010-06-22,19.92
2010-06-23,19.93
2010-06-24,19.5499
2010-06-25,19.6
2010-06-28,19.5
2010-06-29,18.74
2010-06-30,18.54
2010-07-01,18.54
2010-07-02,18.47
2010-07-06,18.45
2010-07-07,19.02
2010-07-08,19.011
2010-07-09,19.33
2010-07-12,19.37
2010-07-13,19.79
2010-07-14,19.86
2010-07-15,19.9
2010-07-16,19.32
2010-07-19,19.5583
2010-07-20,19.7
2010-07-21,19.37
2010-07-22,19.801
2010-07-23,20.01
2010-07-26,20.29
2010-07-27,20.15
2010-07-28,19.99
2010-07-29,19.8799
2010-07-30,20.026
2010-08-02,20.35
2010-08-03,20.25
2010-08-04,20.5
2010-08-05,20.48
2010-08-06,20.45
2010-08-09,20.56
2010-08-10,20.31
2010-08-11,19.7001
2010-08-12,19.6
2010-08-13,19.5601
2010-08-16,19.53
2010-08-17,19.82
2010-08-18,19.94
2010-08-19,19.6699
2010-08-20,19.68
2010-08-23,19.5
2010-08-24,19.2
2010-08-25,19.31
2010-08-26,19.1106
2010-08-27,19.37
2010-08-30,19.12
2010-08-31,19.02
2010-09-01,19.63
2010-09-02,19.92
2010-09-03,20.19
2010-09-07,19.991
2010-09-08,20.2
2010-09-09,20.3
2010-09-10,20.37
2010-09-13,20.68
2010-09-14,20.82
2010-09-15,20.89
2010-09-16,20.88
2010-09-17,20.94
2010-09-20,21.27
2010-09-21,21.22
2010-09-22,21.06
2010-09-23,21.01
2010-09-24,21.53
2010-09-27,21.38
2010-09-28,21.53
2010-09-29,21.47
2010-09-30,21.46
2010-10-01,21.42
2010-10-04,21.16
2010-10-05,21.67
2010-10-06,21.39
2010-10-07,21.46
2010-10-08,21.58
2010-10-11,21.6
2010-10-12,21.71
2010-10-13,21.88
2010-10-14,21.72
2010-10-15,21.97
2010-10-18,21.95
2010-10-19,21.67
2010-10-20,21.9
2010-10-21,21.95
2010-10-22,22.12
2010-10-25,22.29
2010-10-26,22.36
2010-10-27,22.47
2010-10-28,22.48
2010-10-29,22.56
2010-11-01,22.51
2010-11-02,22.72
2010-11-03,22.77
2010-11-04,23.05
2010-11-05,23.11
2010-11-08,23.06
2010-11-09,22.98
2010-11-10,23.1
2010-11-11,22.98
2010-11-12,22.7
2010-11-15,22.66
2010-11-16,22.33
2010-11-17,22.42
2010-11-18,22.75
2010-11-19,22.87
2010-11-22,22.93
2010-11-23,22.61
2010-11-24,23.08
2010-11-26,23
2010-11-29,22.86
2010-11-30,22.63
2010-12-01,23.17
2010-12-02,23.49
2010-12-03,23.62
2010-12-06,23.54
2010-12-07,23.56
2010-12-08,23.66
2010-12-09,23.659
2010-12-10,23.84
2010-12-13,23.67
2010-12-14,23.75
2010-12-15,23.67
2010-12-16,23.85
2010-12-17,23.93
2010-12-20,23.87
2010-12-21,23.93
2010-12-22,23.91
2010-12-23,23.85
2010-12-27,23.84
2010-12-28,23.8
2010-12-29,23.86
2010-12-30,23.85
2010-12-31,23.72
2011-01-03,24.08
2011-01-04,23.92
2011-01-05,24.12
2011-01-06,24.22
2011-01-07,24.152
2011-01-10,24.22
2011-01-11,24.29
2011-01-12,24.46
2011-01-13,24.46
2011-01-14,24.6889
2011-01-18,24.8612
2011-01-19,24.49
2011-01-20,24.41
2011-01-21,24.3185
2011-01-24,24.586
2011-01-25,24.53
2011-01-26,24.63
2011-01-27,24.81
2011-01-28,24.17
2011-01-31,24.28
2011-02-01,24.81
2011-02-02,24.75
2011-02-03,24.824
2011-02-04,24.97
2011-02-07,25.044
2011-02-08,25.113
2011-02-09,25.04
2011-02-10,25.2
2011-02-11,25.38
2011-02-14,25.42
2011-02-15,25.36
2011-02-16,25.55
2011-02-17,25.66
2011-02-18,25.71
2011-02-22,24.924
2011-02-23,24.5804
2011-02-24,24.8055
2011-02-25,25.08
2011-02-28,25.0332
2011-03-01,24.66
2011-03-02,24.79
2011-03-03,25.29
2011-03-04,25.15
2011-03-07,24.8
2011-03-08,24.93
2011-03-09,24.74
2011-03-10,24.31
2011-03-11,24.45
2011-03-14,24.31
2011-03-15,24.1
2011-03-16,23.64
2011-03-17,23.82
2011-03-18,23.86
2011-03-21,24.2228
2011-03-22,24.1401
2011-03-23,24.31
2011-03-24,24.78
2011-03-25,24.78
2011-03-28,24.684
2011-03-29,24.906
2011-03-30,25.1799
2011-03-31,25.22
2011-04-01,25.33
2011-04-04,25.29
2011-04-05,25.34
2011-04-06,25.36
2011-04-07,25.3308
2011-04-08,25.22
2011-04-11,25.152
2011-04-12,25.01
2011-04-13,25.18
2011-04-14,25.19
2011-04-15,25.32
2011-04-18,24.98
2011-04-19,25.09
2011-04-20,25.71
2011-04-21,25.86
2011-04-25,25.83
2011-04-26,26.07
2011-04-27,26.28
2011-04-28,26.29
2011-04-29,26.18
2011-05-02,26.2
2011-05-03,25.97
2011-05-04,25.87
2011-05-05,25.85
2011-05-06,26.03
2011-05-09,26.18
2011-05-10,26.42
2011-05-11,26.2
2011-05-12,26.46
2011-05-13,26.2191
2011-05-16,25.78
2011-05-17,25.71
2011-05-18,25.97
2011-05-19,26.05
2011-05-20,25.94
2011-05-23,25.5
2011-05-24,25.33
2011-05-25,25.45
2011-05-26,25.6
2011-05-27,25.742
2011-05-31,26.07
2011-06-01,25.52
2011-06-02,25.61
2011-06-03,25.204
2011-06-06,24.97
2011-06-07,25.05
2011-06-08,24.74
2011-06-09,24.86
2011-06-10,24.42
2011-06-13,24.38
2011-06-14,24.71
2011-06-15,24.26
2011-06-16,24.12
2011-06-17,24.13
2011-06-20,24.21
2011-06-21,24.69
2011-06-22,24.58
2011-06-23,24.77
2011-06-24,24.37
2011-06-27,24.65
2011-06-28,24.9401
2011-06-29,25.17
2011-06-30,25.49
2011-07-01,25.88
2011-07-05,25.96
2011-07-06,25.95
2011-07-07,26.31
2011-07-08,26.18
2011-07-11,25.67
2011-07-12,25.4
2011-07-13,25.46
2011-07-14,25.1001
2011-07-15,25.23
2011-07-18,24.94
2011-07-19,25.46
2011-07-20,25.27
2011-07-21,25.466
2011-07-22,25.73
2011-07-25,25.56
2011-07-26,25.5086
2011-07-27,24.77
2011-07-28,24.7
2011-07-29,24.71
2011-08-01,24.5
2011-08-02,23.75
2011-08-03,23.97
2011-08-04,22.75
2011-08-05,22.59
2011-08-08,21.17
2011-08-09,22.11
2011-08-10,21.28
2011-08-11,22.25
2011-08-12,22.52
2011-08-15,22.89
2011-08-16,22.69
2011-08-17,22.5
2011-08-18,21.34
2011-08-19,21.02
2011-08-22,21.1
2011-08-23,21.97
2011-08-24,22.15
2011-08-25,21.81
2011-08-26,22.18
2011-08-29,23.06
2011-08-30,23.24
2011-08-31,23.23
2011-09-01,22.97
2011-09-02,22.4
2011-09-06,22.36
2011-09-07,22.95
2011-09-08,22.87
2011-09-09,22.33
2011-09-12,22.29
2011-09-13,22.8488
2011-09-14,23.367
2011-09-15,23.58
2011-09-16,23.66
2011-09-19,23.45
2011-09-20,23.26
2011-09-21,22.75
2011-09-22,21.949
2011-09-23,22.22
2011-09-26,22.51
2011-09-27,22.86
2011-09-28,22.33
2011-09-29,22.11
2011-09-30,21.52
2011-10-03,20.87
2011-10-04,21.44
2011-10-05,22.09
2011-10-06,22.55
2011-10-07,22.33
2011-10-10,22.97
2011-10-11,23.06
2011-10-12,23.23
2011-10-13,23.39
2011-10-14,23.67
2011-10-17,23.16
2011-10-18,23.58
2011-10-19,23.19
2011-10-20,23.15
2011-10-21,23.68
2011-10-24,24.29
2011-10-25,23.75
2011-10-26,23.89
2011-10-27,24.67
2011-10-28,24.67
2011-10-31,24.1
2011-11-01,23.47
2011-11-02,23.69
2011-11-03,24.22
2011-11-04,24.23
2011-11-07,24.29
2011-11-08,24.53
2011-11-09,23.56
2011-11-10,23.58
2011-11-11,24.13
2011-11-14,23.89
2011-11-15,24.09
2011-11-16,23.66
2011-11-17,23.08
2011-11-18,22.9
2011-11-21,22.55
2011-11-22,22.49
2011-11-23,21.98
2011-11-25,21.84
2011-11-28,22.55
2011-11-29,22.49
2011-11-30,23.46
2011-12-01,23.56
2011-12-02,23.42
2011-12-05,23.72
2011-12-06,23.63
2011-12-07,23.6
2011-12-08,23.04
2011-12-09,23.49
2011-12-12,23.19
2011-12-13,22.86
2011-12-14,22.5
2011-12-15,22.47
2011-12-16,22.5932
2011-12-19,22.23
2011-12-20,23
2011-12-21,22.741
2011-12-22,23.04
2011-12-23,23.22
2011-12-27,23.2
2011-12-28,22.85
2011-12-29,23.04
2011-12-30,22.95
2012-01-03,23.33
2012-01-04,23.27
2012-01-05,23.51
2012-01-06,23.56
2012-01-09,23.71
2012-01-10,23.99
2012-01-11,24.13
2012-01-12,24.25
2012-01-13,24.03
2012-01-17,24.26
2012-01-18,24.78
2012-01-19,25.01
2012-01-20,24.99
2012-01-23,24.88
2012-01-24,24.94
2012-01-25,25.18
2012-01-26,25.07
2012-01-27,25.24
2012-01-30,25.12
2012-01-31,25.14
2012-02-01,25.52
2012-02-02,25.66
2012-02-03,26.01
2012-02-06,25.912
2012-02-07,25.92
2012-02-08,26.01
2012-02-09,26.16
2012-02-10,25.86
2012-02-13,26.01
2012-02-14,26.12
2012-02-15,26.07
2012-02-16,26.435
2012-02-17,26.29
2012-02-21,26.11
2012-02-22,26.09
2012-02-23,26.23
2012-02-24,26.25
2012-02-27,26.34
2012-02-28,26.44
2012-02-29,26.23
2012-03-01,26.44
2012-03-02,26.46
2012-03-05,26.12
2012-03-06,25.78
2012-03-07,25.98
2012-03-08,26.2943
2012-03-09,26.398
2012-03-12,26.33
2012-03-13,26.75
2012-03-14,26.63
2012-03-15,26.84
2012-03-16,26.85
2012-03-19,26.94
2012-03-20,26.83
2012-03-21,26.93
2012-03-22,26.86
2012-03-23,26.84
2012-03-26,27.22
2012-03-27,27.18
2012-03-28,26.93
2012-03-29,26.93
2012-03-30,26.97
2012-04-02,27.14
2012-04-03,26.98
2012-04-04,26.56
2012-04-05,26.61
2012-04-09,26.332
2012-04-10,25.82
2012-04-11,26.06
2012-04-12,26.4
2012-04-13,26.07
2012-04-16,25.91
2012-04-17,26.39
2012-04-18,26.38
2012-04-19,26.15
2012-04-20,26.05
2012-04-23,25.72
2012-04-24,25.58
2012-04-25,25.99
2012-04-26,26.26
2012-04-27,26.48
2012-04-30,26.48
2012-05-01,26.56
2012-05-02,26.5801
2012-05-03,26.11
2012-05-04,25.56
2012-05-07,25.6
2012-05-08,25.42
2012-05-09,25.24
2012-05-10,25.21
2012-05-11,25.3
2012-05-14,25.08
2012-05-15,25.07
2012-05-16,24.87
2012-05-17,24.33
2012-05-18,23.94
2012-05-21,24.55
2012-05-22,24.44
2012-05-23,24.64
2012-05-24,24.46
2012-05-25,24.5299
2012-05-29,24.74
2012-05-30,24.41
2012-05-31,24.18
2012-06-01,23.59
2012-06-04,23.67
2012-06-05,23.91
2012-06-06,24.5
2012-06-07,24.39
2012-06-08,24.59
2012-06-11,24.11
2012-06-12,24.49
2012-06-13,24.26
2012-06-14,24.41
2012-06-15,24.78
2012-06-18,24.94
2012-06-19,25.209
2012-06-20,25.22
2012-06-21,24.43
2012-06-22,24.68
2012-06-25,24.21
2012-06-26,24.39
2012-06-27,24.52
2012-06-28,24.24
2012-06-29,24.99
2012-07-02,25.01
2012-07-03,25.29
2012-07-05,25.2838
2012-07-06,24.85
2012-07-09,24.65
2012-07-10,24.29
2012-07-11,24.22
2012-07-12,24.04
2012-07-13,24.32
2012-07-16,24.1494
2012-07-17,24.24
2012-07-18,24.68
2012-07-19,24.88
2012-07-20,24.5
2012-07-23,24.18
2012-07-24,23.88
2012-07-25,23.996
2012-07-26,24.52
2012-07-27,25.0512
2012-07-30,24.87
2012-07-31,24.74
2012-08-01,24.63
2012-08-02,24.56
2012-08-03,25.05
2012-08-06,25.25
2012-08-07,25.69
2012-08-08,25.71
2012-08-09,25.68
2012-08-10,25.6821
2012-08-13,25.7
2012-08-14,25.62
2012-08-15,25.82
2012-08-16,26.09
2012-08-17,26.08
2012-08-20,25.95
2012-08-21,25.92
2012-08-22,25.9318
2012-08-23,25.73
2012-08-24,25.868
2012-08-27,25.71
2012-08-28,25.71
2012-08-29,25.78
2012-08-30,25.48
2012-08-31,25.65
2012-09-04,25.6291
2012-09-05,25.52
2012-09-06,26.19
2012-09-07,26.28
2012-09-10,26.06
2012-09-11,26.1
2012-09-12,26.07
2012-09-13,26.36
2012-09-14,26.65
2012-09-17,26.4728
2012-09-18,26.411
2012-09-19,26.55
2012-09-20,26.43
2012-09-21,26.33
2012-09-24,26.211
2012-09-25,25.84
2012-09-26,25.65
2012-09-27,25.99
2012-09-28,25.95
2012-10-01,25.92
2012-10-02,25.98
2012-10-03,26.0644
2012-10-04,26.276
2012-10-05,26.2135
2012-10-08,26.16
2012-10-09,25.64
2012-10-10,25.4298
2012-10-11,25.52
2012-10-12,25.45
2012-10-15,25.59
2012-10-16,25.92
2012-10-17,25.87
2012-10-18,25.71
2012-10-19,25.19
2012-10-22,25.21
2012-10-23,25.0799
2012-10-24,24.92
2012-10-25,25.05
2012-10-26,25.15
2012-10-31,25.05
2012-11-01,25.62
2012-11-02,25.38
2012-11-05,25.53
2012-11-06,25.71
2012-11-07,25.18
2012-11-08,24.9
2012-11-09,24.9268
2012-11-12,24.908
2012-11-13,24.76
2012-11-14,24.36
2012-11-15,24.4627
2012-11-16,24.57
2012-11-19,24.902
2012-11-20,24.91
2012-11-21,25.064
2012-11-23,25.4319
2012-11-26,25.44
2012-11-27,25.31
2012-11-28,25.67
2012-11-29,25.78
2012-11-30,25.82
2012-12-03,25.65
2012-12-04,25.773
2012-12-05,25.8682
2012-12-06,25.9
2012-12-07,25.99
2012-12-10,26.08
2012-12-11,26.3601
2012-12-12,26.38
2012-12-13,26.3
2012-12-14,26.23
2012-12-17,26.4194
2012-12-18,26.82
2012-12-19,26.72
2012-12-20,26.73
2012-12-21,26.21
2012-12-24,26.1
2012-12-26,25.92
2012-12-27,25.922
2012-12-28,25.68
2012-12-31,26.13
2013-01-02,26.86
2013-01-03,26.838
2013-01-04,26.9178
2013-01-07,26.93
2013-01-08,26.8
2013-01-09,27.009
2013-01-10,27.16
2013-01-11,27.23
2013-01-14,27.27
2013-01-15,27.29
2013-01-16,27.29
2013-01-17,27.5
2013-01-18,27.53
2013-01-22,27.64
2013-01-23,27.64
2013-01-24,27.76
2013-01-25,28.02
2013-01-28,28.02
2013-01-29,27.9
2013-01-30,27.85
2013-01-31,27.8
2013-02-01,28.17
2013-02-04,27.8
2013-02-05,28.12
2013-02-06,28.04
2013-02-07,27.93
2013-02-08,28.17
2013-02-11,28.1999
2013-02-12,28.15
2013-02-13,28.22
2013-02-14,28.24
2013-02-15,28.2
2013-02-19,28.4
2013-02-20,27.92
2013-02-21,27.58
2013-02-22,27.83
2013-02-25,27.61
2013-02-26,27.59
2013-02-27,27.96
2013-02-28,27.95
2013-03-01,28.12
2013-03-04,28.26
2013-03-05,28.64
2013-03-06,28.65
2013-03-07,28.69
2013-03-08,28.8
2013-03-11,28.84
2013-03-12,28.84
2013-03-13,28.8401
2013-03-14,28.99
2013-03-15,28.76
2013-03-18,28.54
2013-03-19,28.46
2013-03-20,28.77
2013-03-21,28.58
2013-03-22,28.75
2013-03-25,28.61
2013-03-26,28.8436
2013-03-27,28.93
2013-03-28,29.0799
2013-04-01,28.89
2013-04-02,29.01
2013-04-03,28.7
2013-04-04,28.82
2013-04-05,28.5855
2013-04-08,28.77
2013-04-09,28.91
2013-04-10,29.46
2013-04-11,29.51
2013-04-12,29.55
2013-04-15,28.82
2013-04-16,29.26
2013-04-17,28.72
2013-04-18,28.36
2013-04-19,28.81
2013-04-22,28.96
2013-04-23,29.27
2013-04-24,29.3387
2013-04-25,29.59
2013-04-26,29.45
2013-04-29,29.58
2013-04-30,29.63
2013-05-01,29.49
2013-05-02,29.81
2013-05-03,30.16
2013-05-06,30.23
2013-05-07,30.34
2013-05-08,30.5
2013-05-09,30.41
2013-05-10,30.73
2013-05-13,30.61
2013-05-14,30.8867
2013-05-15,30.98
2013-05-16,30.836
2013-05-17,31.08
2013-05-20,30.94
2013-05-21,31.0701
2013-05-22,30.76
2013-05-23,30.77
2013-05-24,30.58
2013-05-28,30.86
2013-05-29,30.7
2013-05-30,30.8853
2013-05-31,30.57
2013-06-03,30.55
2013-06-04,30.4562
2013-06-05,29.96
2013-06-06,30.25
2013-06-07,30.63
2013-06-10,30.61
2013-06-11,30.29
2013-06-12,29.96
2013-06-13,30.43
2013-06-14,30.25
2013-06-17,30.5001
2013-06-18,30.7901
2013-06-19,30.49
2013-06-20,29.6824
2013-06-21,29.636
2013-06-24,29.26
2013-06-25,29.6
2013-06-26,29.85
2013-06-27,30.17
2013-06-28,30.05
2013-07-01,30.321
2013-07-02,30.23
2013-07-03,30.37
2013-07-05,30.5953
2013-07-08,30.63
2013-07-09,30.83
2013-07-10,31.046
2013-07-11,31.64
2013-07-12,31.79
2013-07-15,31.89
2013-07-16,31.8
2013-07-17,31.94
2013-07-18,32.06
2013-07-19,32.01
2013-07-22,32.07
2013-07-23,31.87
2013-07-24,31.67
2013-07-25,31.9401
2013-07-26,31.93
2013-07-29,31.84
2013-07-30,32.064
2013-07-31,32.19
2013-08-01,32.62
2013-08-02,32.69
2013-08-05,32.68
2013-08-06,32.49
2013-08-07,32.3524
2013-08-08,32.54
2013-08-09,32.51
2013-08-12,32.51
2013-08-13,32.6
2013-08-14,32.3668
2013-08-15,31.77
2013-08-16,31.74
2013-08-19,31.54
2013-08-20,31.82
2013-08-21,31.6
2013-08-22,31.9201
2013-08-23,32.08
2013-08-26,32.0501
2013-08-27,31.48
2013-08-28,31.61
2013-08-29,31.89
2013-08-30,31.73
2013-09-03,31.98
2013-09-04,32.35
2013-09-05,32.51
2013-09-06,32.47
2013-09-09,32.85
2013-09-10,33.2
2013-09-11,33.34
2013-09-12,33.21
2013-09-13,33.32
2013-09-16,33.43
2013-09-17,33.64
2013-09-18,33.95
2013-09-19,33.96
2013-09-20,33.84
2013-09-23,33.57
2013-09-24,33.61
2013-09-25,33.58
2013-09-26,33.8399
2013-09-27,33.78
2013-09-30,33.71
2013-10-01,34.01
2013-10-02,33.99
2013-10-03,33.54
2013-10-04,33.95
2013-10-07,33.7
2013-10-08,33.03
2013-10-09,32.81
2013-10-10,33.47
2013-10-11,33.7107
2013-10-14,33.97
2013-10-15,33.69
2013-10-16,34.08
2013-10-17,34.29
2013-10-18,34.52
2013-10-21,34.57
2013-10-22,34.69
2013-10-23,34.27
2013-10-24,34.42
2013-10-25,34.47
2013-10-28,34.47
2013-10-29,34.69
2013-10-30,34.46
2013-10-31,34.47
2013-11-01,34.49
2013-11-04,34.62
2013-11-05,34.551
2013-11-06,34.42
2013-11-07,33.8
2013-11-08,34.24
2013-11-11,34.29
2013-11-12,34.328
2013-11-13,34.676
2013-11-14,34.8
2013-11-15,34.96
2013-11-18,34.601
2013-11-19,34.38
2013-11-20,34.294
2013-11-21,34.67
2013-11-22,34.8466
2013-11-25,34.86
2013-11-26,34.95
2013-11-27,35.1
2013-11-29,35.17
2013-12-02,35.02
2013-12-03,34.95
2013-12-04,34.92
2013-12-05,34.82
2013-12-06,35.22
2013-12-09,35.23
2013-12-10,35.28
2013-12-11,34.82
2013-12-12,34.7
2013-12-13,34.84
2013-12-16,35.03
2013-12-17,35.04
2013-12-18,35.45
2013-12-19,35.4
2013-12-20,35.71
2013-12-23,35.95
2013-12-24,36.05
2013-12-26,36.16
2013-12-27,36.11
2013-12-30,36.229
2013-12-31,36.37
2014-01-02,36.05
2014-01-03,35.95
2014-01-06,35.79
2014-01-07,36.1
2014-01-08,36.26
2014-01-09,36.12
2014-01-10,36.27
2014-01-13,35.68
2014-01-14,36.35
2014-01-15,36.56
2014-01-16,36.57
2014-01-17,36.53
2014-01-21,36.64
2014-01-22,36.81
2014-01-23,36.62
2014-01-24,35.834
2014-01-27,35.51
2014-01-28,35.74
2014-01-29,35.472
2014-01-30,36.05
2014-01-31,35.7722
2014-02-03,34.92
2014-02-04,35.23
2014-02-05,35.07
2014-02-06,35.74
2014-02-07,36.42
2014-02-10,36.66
2014-02-11,37.1
2014-02-12,37.23
2014-02-13,37.52
2014-02-14,37.64
2014-02-18,37.88
2014-02-19,37.69
2014-02-20,38.08
2014-02-21,38.057
2014-02-24,38.3
2014-02-25,38.23
2014-02-26,38.3198
2014-02-27,38.48
2014-02-28,38.37
2014-03-03,38.09
2014-03-04,38.68
2014-03-05,38.68
2014-03-06,38.58
2014-03-07,38.43
2014-03-10,38.3187
2014-03-11,38.14
2014-03-12,38.28
2014-03-13,37.67
2014-03-14,37.61
2014-03-17,37.96
2014-03-18,38.29
2014-03-19,38.07
2014-03-20,38.2102
2014-03-21,37.77
2014-03-24,37.3
2014-03-25,37.13
2014-03-26,36.76
2014-03-27,36.605
2014-03-28,36.7105
2014-03-31,37.0101
2014-04-01,37.719
2014-04-02,37.86
2014-04-03,37.51
2014-04-04,36.6087
2014-04-07,36.09
2014-04-08,36.449
2014-04-09,36.9737
2014-04-10,35.84
2014-04-11,35.339
2014-04-14,35.61
2014-04-15,35.7562
2014-04-16,36.1
2014-04-17,36.3
2014-04-21,36.53
2014-04-22,36.88
2014-04-23,36.6099
2014-04-24,36.6049
2014-04-25,35.96
2014-04-28,35.899
2014-04-29,36.15
2014-04-30,36.34
2014-05-01,36.5
2014-05-02,36.5101
2014-05-05,36.6
2014-05-06,36.2203
2014-05-07,36.07
2014-05-08,36.07
2014-05-09,36.29
2014-05-12,36.8999
2014-05-13,36.81
2014-05-14,36.61
2014-05-15,36.3399
2014-05-16,36.56
2014-05-19,36.87
2014-05-20,36.5329
2014-05-21,36.81
2014-05-22,37.0685
2014-05-23,37.34
2014-05-27,37.7
2014-05-28,37.62
2014-05-29,37.79
2014-05-30,37.73
2014-06-02,37.85
2014-06-03,37.803
2014-06-04,37.94
2014-06-05,38.18
2014-06-06,38.47
2014-06-09,38.47
2014-06-10,38.43
2014-06-11,38.44
2014-06-12,38.23
2014-06-13,38.2698
2014-06-16,38.37
2014-06-17,38.55
2014-06-18,38.73
2014-06-19,38.64
2014-06-20,38.66
2014-06-23,38.66
2014-06-24,38.55
2014-06-25,38.75
2014-06-26,38.69
2014-06-27,38.82
2014-06-30,38.99
2014-07-01,39.4
2014-07-02,39.43
2014-07-03,39.73
2014-07-07,39.44
2014-07-08,39
2014-07-09,39.27
2014-07-10,39.07
2014-07-11,39.2
2014-07-14,39.37
2014-07-15,39.211
2014-07-16,39.3
2014-07-17,38.78
2014-07-18,39.28
2014-07-21,39.18
2014-07-22,39.38
2014-07-23,39.39
2014-07-24,39.52
2014-07-25,39.2701
2014-07-28,39.28
2014-07-29,39.28
2014-07-30,39.5032
2014-07-31,38.75
2014-08-01,38.67
2014-08-04,38.88
2014-08-05,38.61
2014-08-06,38.57
2014-08-07,38.34
2014-08-08,38.77
2014-08-11,38.97
2014-08-12,38.89
2014-08-13,39.2
2014-08-14,39.49
2014-08-15,39.6899
2014-08-18,39.96
2014-08-19,40.1258
2014-08-20,40.21
2014-08-21,40.2
2014-08-22,40.3
2014-08-25,40.41
2014-08-26,40.5
2014-08-27,40.48
2014-08-28,40.44
2014-08-29,40.57
2014-09-02,40.76
2014-09-03,40.7734
2014-09-04,40.7
2014-09-05,40.92
2014-09-08,40.91
2014-09-09,40.5291
2014-09-10,40.7132
2014-09-11,40.73
2014-09-12,40.47
2014-09-15,40.07
2014-09-16,40.44
2014-09-17,40.52
2014-09-18,40.83
2014-09-19,40.7
2014-09-22,40.2325
2014-09-23,39.97
2014-09-24,40.48
2014-09-25,39.79
2014-09-26,40.128
2014-09-29,40.06
2014-09-30,40.0613
2014-10-01,39.28
2014-10-02,39.3504
2014-10-03,39.85
2014-10-06,39.68
2014-10-07,39.109
2014-10-08,39.81
2014-10-09,39
2014-10-10,37.9101
2014-10-13,37.29
2014-10-14,37.3901
2014-10-15,37.34
2014-10-16,37.28
2014-10-17,37.79
2014-10-20,38.23
2014-10-21,39.27
2014-10-22,38.9447
2014-10-23,39.57
2014-10-24,39.96
2014-10-27,40
2014-10-28,40.55
2014-10-29,40.39
2014-10-30,40.66
2014-10-31,41.29
2014-11-03,41.37
2014-11-04,41.2352
2014-11-05,41.3499
2014-11-06,41.6
2014-11-07,41.53
2014-11-10,41.6901
2014-11-11,41.71
2014-11-12,41.8
2014-11-13,41.84
2014-11-14,41.94
2014-11-17,41.88
2014-11-18,42.2
2014-11-19,42.07
2014-11-20,42.22
2014-11-21,42.46
2014-11-24,42.76
2014-11-25,42.84
2014-11-26,43.11
2014-11-28,43.35
2014-12-01,42.91
2014-12-02,43.12
2014-12-03,43.33
2014-12-04,43.22
2014-12-05,43.34
2014-12-08,42.98
2014-12-09,43.04
2014-12-10,42.38
2014-12-11,42.65
2014-12-12,42.16
2014-12-15,41.8
2014-12-16,41.42
2014-12-17,42.12
2014-12-18,42.97
2014-12-19,43.17
2014-12-22,43.37
2014-12-23,43.2
2014-12-24,43.27
2014-12-26,43.3568
2014-12-29,43.41
2014-12-30,43.1858
2014-12-31,42.8301
2015-01-02,42.74
2015-01-05,42.073
2015-01-06,41.42
2015-01-07,41.92
2015-01-08,42.74
2015-01-09,42.3701
2015-01-12,41.9999
2015-01-13,41.84
2015-01-14,41.55
2015-01-15,41.08
2015-01-16,41.72
2015-01-20,41.868
2015-01-21,42.15
2015-01-22,42.79
2015-01-23,42.7312
2015-01-26,42.85
2015-01-27,42.23
2015-01-28,41.74
2015-01-29,42.0001
2015-01-30,41.42
2015-02-02,41.83
2015-02-03,42.54
2015-02-04,42.3674
2015-02-05,42.8
2015-02-06,42.5001
2015-02-09,42.33
2015-02-10,42.95
2015-02-11,43.0452
2015-02-12,43.5968
2015-02-13,44.03
2015-02-17,43.99
2015-02-18,44.04
2015-02-19,44.22
2015-02-20,44.54
2015-02-23,44.43
2015-02-24,44.49
2015-02-25,44.53
2015-02-26,44.63
2015-02-27,44.62
2015-03-02,45.02
2015-03-03,44.702
2015-03-04,44.48
2015-03-05,44.7068
2015-03-06,44.05
2015-03-09,44.2248
2015-03-10,43.53
2015-03-11,43.43
2015-03-12,43.8799
2015-03-13,43.6599
2015-03-16,44.2405
2015-03-17,44.14
2015-03-18,44.5797
2015-03-19,44.65
2015-03-20,45.05
2015-03-23,44.89
2015-03-24,44.6099
2015-03-25,43.57
2015-03-26,43.27
2015-03-27,43.67
2015-03-30,44.23
2015-03-31,43.8
2015-04-01,43.52
2015-04-02,43.71
2015-04-06,43.969
2015-04-07,43.9099
2015-04-08,44.26
2015-04-09,44.59
2015-04-10,44.78
2015-04-13,44.56
2015-04-14,44.4635
2015-04-15,44.69
2015-04-16,44.66
2015-04-17,44.09
2015-04-20,44.5899
2015-04-21,44.9309
2015-04-22,45.11
2015-04-23,45.2699
2015-04-24,45.23
2015-04-27,44.9499
2015-04-28,44.96
2015-04-29,44.71
2015-04-30,44.17
2015-05-01,44.77
2015-05-04,44.83
2015-05-05,44.15
2015-05-06,43.95
2015-05-07,44.1401
2015-05-08,44.53
2015-05-11,44.4399
2015-05-12,44.29
2015-05-13,44.3399
2015-05-14,44.87
2015-05-15,44.93
2015-05-18,45.11
2015-05-19,44.97
2015-05-20,44.9238
2015-05-21,45.117
2015-05-22,45.09
2015-05-26,44.6155
2015-05-27,45.28
2015-05-28,45.21
2015-05-29,45.067
2015-06-01,45.18
2015-06-02,45.04
2015-06-03,45.15
2015-06-04,44.84
2015-06-05,44.8801
2015-06-08,44.37
2015-06-09,44.33
2015-06-10,44.863
2015-06-11,44.9167
2015-06-12,44.6501
2015-06-15,44.4
2015-06-16,44.6351
2015-06-17,44.8301
2015-06-18,45.4799
2015-06-19,45.3314
2015-06-22,45.5894
2015-06-23,45.54
2015-06-24,45.06
2015-06-25,44.96
2015-06-26,44.7
2015-06-29,43.5553
2015-06-30,43.71
2015-07-01,43.96
2015-07-02,44.03
2015-07-06,43.812
2015-07-07,44.03
2015-07-08,43.2
2015-07-09,43.28
2015-07-10,43.93
2015-07-13,44.5
2015-07-14,44.708
2015-07-15,44.5498
2015-07-16,44.9499
2015-07-17,44.95
2015-07-20,44.93
2015-07-21,44.91
2015-07-22,44.78
2015-07-23,44.76
2015-07-24,44.2
2015-07-27,43.7199
2015-07-28,44.18
2015-07-29,44.5898
2015-07-30,44.76
2015-07-31,44.73
2015-08-03,44.63
2015-08-04,44.71
2015-08-05,45.08
2015-08-06,44.18
2015-08-07,44.18
2015-08-10,44.68
2015-08-11,44.15
2015-08-12,44.18
2015-08-13,44.06
2015-08-14,44.0999
2015-08-17,44.45
2015-08-18,44.21
2015-08-19,43.89
2015-08-20,42.64
2015-08-21,41.24
2015-08-24,39.67
2015-08-25,39.441
2015-08-26,41.01
2015-08-27,42.04
2015-08-28,42.1
2015-08-31,41.73
2015-09-01,40.55
2015-09-02,41.38
2015-09-03,41.43
2015-09-04,40.95
2015-09-08,42.03
2015-09-09,41.5199
2015-09-10,41.79
2015-09-11,41.88
2015-09-14,41.7601
2015-09-15,42.23
2015-09-16,42.55
2015-09-17,42.5
2015-09-18,41.85
2015-09-21,41.87
2015-09-22,41.17
2015-09-23,40.96
2015-09-24,40.83
2015-09-25,40.57
2015-09-28,39.33
2015-09-29,39.3
2015-09-30,40.18
2015-10-01,40.1801
2015-10-02,40.9397
2015-10-05,41.73
2015-10-06,41.5
2015-10-07,41.83
2015-10-08,42.1776
2015-10-09,42.28
2015-10-12,42.31
2015-10-13,41.86
2015-10-14,42.06
2015-10-15,42.58
2015-10-16,42.71
2015-10-19,42.82
2015-10-20,42.63
2015-10-21,42.4
2015-10-22,43.34
2015-10-23,43.8
2015-10-26,43.74
2015-10-27,43.74
2015-10-28,44.01
2015-10-29,43.7
2015-10-30,43.79
2015-11-02,44.25
2015-11-03,44.35
2015-11-04,44.16
2015-11-05,44.07
2015-11-06,44.1114
2015-11-09,43.61
2015-11-10,43.598
2015-11-11,43.428
2015-11-12,42.97
2015-11-13,42.32
2015-11-16,42.89
2015-11-17,42.9899
2015-11-18,43.605
2015-11-19,43.64
2015-11-20,43.78
2015-11-23,43.63
2015-11-24,43.7
2015-11-25,43.9261
2015-11-27,44.0799
2015-11-30,44
2015-12-01,44.45
2015-12-02,44.1
2015-12-03,43.38
2015-12-04,44.2301
2015-12-07,44.22
2015-12-08,44.15
2015-12-09,43.6
2015-12-10,43.83
2015-12-11,42.95
2015-12-14,43.03
2015-12-15,43.58
2015-12-16,44.11
2015-12-17,43.44
2015-12-18,42.83
2015-12-21,43.23
2015-12-22,43.5148
2015-12-23,43.7842
2015-12-24,43.8999
2015-12-28,43.6699
2015-12-29,44.27
2015-12-30,43.9748
2015-12-31,43.48
2016-01-04,42.63
2016-01-05,42.59
2016-01-06,42.0501
2016-01-07,40.94
2016-01-08,40.5
2016-01-11,40.4
2016-01-12,40.84
2016-01-13,39.37
2016-01-14,40.05
2016-01-15,38.89
2016-01-19,38.88
2016-01-20,38.82
2016-01-21,38.92
2016-01-22,39.79
2016-01-25,39.15
2016-01-26,39.67
2016-01-27,38.92
2016-01-28,38.87
2016-01-29,39.88
2016-02-01,40.25
2016-02-02,39.07
2016-02-03,39.1
2016-02-04,39.25
2016-02-05,37.95
2016-02-08,37
2016-02-09,36.76
2016-02-10,37.015
2016-02-11,36.79
2016-02-12,37.58
2016-02-16,38.57
2016-02-17,39.49
2016-02-18,39.13
2016-02-19,39.31
2016-02-22,39.98
2016-02-23,39.4
2016-02-24,39.82
2016-02-25,40.24
2016-02-26,40.3
2016-02-29,39.99
2016-03-01,41.09
2016-03-02,41.07
2016-03-03,41.14
2016-03-04,41.18
2016-03-07,41.26
2016-03-08,40.6
2016-03-09,40.84
2016-03-10,40.74
2016-03-11,41.61
2016-03-14,41.64
2016-03-15,41.31
2016-03-16,41.67
2016-03-17,41.74
2016-03-18,42.07
2016-03-21,42.2
2016-03-22,42.27
2016-03-23,41.54
2016-03-24,41.48
2016-03-28,41.48
2016-03-29,42
2016-03-30,42.14
2016-03-31,42.23
2016-04-01,42.57
2016-04-04,42.36
2016-04-05,41.97
2016-04-06,42.72
2016-04-07,42.01
2016-04-08,42.02
2016-04-11,41.8
2016-04-12,42.06
2016-04-13,42.75
2016-04-14,42.6
2016-04-15,42.47
2016-04-18,42.74
2016-04-19,42.34
2016-04-20,42.52
2016-04-21,42.57
2016-04-22,42.45
2016-04-25,42.31
2016-04-26,42.36
2016-04-27,42.43
2016-04-28,41.89
2016-04-29,41.28
2016-05-02,41.59
2016-05-03,41.12
2016-05-04,40.73
2016-05-05,40.71
2016-05-06,40.78
2016-05-09,40.88
2016-05-10,41.43
2016-05-11,40.9
2016-05-12,40.67
2016-05-13,40.63
2016-05-16,41.14
2016-05-17,40.78
2016-05-18,40.93
2016-05-19,40.68
2016-05-20,41.21
2016-05-23,41.17
2016-05-24,42.1098
2016-05-25,42.31
2016-05-26,42.4
2016-05-27,42.78
2016-05-31,42.94
2016-06-01,43.01
2016-06-02,43.275
2016-06-03,43.02
2016-06-06,43.2
2016-06-07,43.11
2016-06-08,43.1
2016-06-09,42.94
2016-06-10,42.21
2016-06-13,41.96
2016-06-14,41.93
2016-06-15,41.85
2016-06-16,42
2016-06-17,41.7
2016-06-20,42.13
2016-06-21,42.13
2016-06-22,42
2016-06-23,42.76
2016-06-24,40.79
2016-06-27,39.59
2016-06-28,40.54
2016-06-29,41.42
2016-06-30,41.87
2016-07-01,42.17
2016-07-05,41.73
2016-07-06,42.04
2016-07-07,42.32
2016-07-08,43.09
2016-07-11,43.35
2016-07-12,43.7927
2016-07-13,43.703
2016-07-14,43.954
2016-07-15,43.86
2016-07-18,44.09
2016-07-19,43.83
2016-07-20,44.29
2016-07-21,44.18
2016-07-22,44.42
2016-07-25,44.5032
2016-07-26,44.99
2016-07-27,44.89
2016-07-28,44.95
2016-07-29,44.81
2016-08-01,44.88
2016-08-02,44.41
2016-08-03,44.56
2016-08-04,44.56
2016-08-05,44.94
2016-08-08,44.79
2016-08-09,44.88
2016-08-10,44.73
2016-08-11,45.05
2016-08-12,45.16
2016-08-15,45.515
2016-08-16,45.17
2016-08-17,45.2
2016-08-18,45.4
2016-08-19,45.5
2016-08-22,45.53
2016-08-23,45.71
2016-08-24,45.2799
2016-08-25,45.18
2016-08-26,45.3699
2016-08-29,45.41
2016-08-30,45.25
2016-08-31,45.21
2016-09-01,45.32
2016-09-02,45.4334
2016-09-06,45.57
2016-09-07,45.58
2016-09-08,45.4137
2016-09-09,44.2
2016-09-12,45.04
2016-09-13,44.41
2016-09-14,44.46
2016-09-15,45.05
2016-09-16,44.94
2016-09-19,44.88
2016-09-20,44.91
2016-09-21,45.36
2016-09-22,45.69
2016-09-23,45.47
2016-09-26,45.07
2016-09-27,45.58
2016-09-28,45.62
2016-09-29,45.33
2016-09-30,45.76
2016-10-03,45.74
2016-10-04,45.5999
2016-10-05,45.89
2016-10-06,45.81
2016-10-07,45.61
2016-10-10,45.77
2016-10-11,44.82
2016-10-12,44.75
2016-10-13,44.61
2016-10-14,44.65
2016-10-17,44.4664
2016-10-18,44.94
2016-10-19,45.0199
2016-10-20,45.0168
2016-10-21,45
2016-10-24,45.3963
2016-10-25,45.2
2016-10-26,45.171
2016-10-27,44.8968
2016-10-28,44.96
2016-10-31,44.94
2016-11-01,44.57
2016-11-02,44.3285
2016-11-03,44.01
2016-11-04,43.88
2016-11-07,44.97
2016-11-08,45.12
2016-11-09,45.5065
2016-11-10,45.1301
2016-11-11,45.32
2016-11-14,45.29
2016-11-15,45.76
2016-11-16,45.8397
2016-11-17,46.28
2016-11-18,46.06
2016-11-21,46.38
2016-11-22,46.54
2016-11-23,46.5
2016-11-25,46.75
2016-11-28,46.55
2016-11-29,46.68
2016-11-30,46.24
2016-12-01,45.3
2016-12-02,45.368
2016-12-05,45.75
2016-12-06,45.94
2016-12-07,46.57
2016-12-08,46.719
2016-12-09,46.7665
2016-12-12,46.41
2016-12-13,46.88
2016-12-14,46.72
2016-12-15,46.97
2016-12-16,46.77
2016-12-19,46.76
2016-12-20,46.99
2016-12-21,46.86
2016-12-22,46.73
2016-12-23,46.8968
2016-12-27,47.12
2016-12-28,46.68
2016-12-29,46.59
2016-12-30,46.21
2017-01-03,46.7
2017-01-04,47.17
2017-01-05,47.35
2017-01-06,47.59
2017-01-09,47.76
2017-01-10,48.02
2017-01-11,48.01
2017-01-12,47.96
2017-01-13,48.18
2017-01-17,48.01
2017-01-18,48.18
2017-01-19,48.18
2017-01-20,48.3
2017-01-23,48.22
2017-01-24,48.7
2017-01-25,49.12
2017-01-26,48.92
2017-01-27,49.13
2017-01-30,48.93
2017-01-31,48.92
2017-02-01,48.9792
2017-02-02,48.969
2017-02-03,49.2
2017-02-06,49.29
2017-02-07,49.42
2017-02-08,49.49
2017-02-09,49.78
2017-02-10,49.9065
2017-02-13,50.09
2017-02-14,50.13
2017-02-15,50.54
2017-02-16,50.46
2017-02-17,50.71
2017-02-21,51
2017-02-22,50.98
2017-02-23,50.64
2017-02-24,50.84
2017-02-27,50.97
2017-02-28,50.78
2017-03-01,51.33
2017-03-02,51.07
2017-03-03,51.21
2017-03-06,51.03
2017-03-07,50.8
2017-03-08,50.95
2017-03-09,50.95
2017-03-10,51.2316
2017-03-13,51.4577
2017-03-14,51.24
2017-03-15,51.6572
2017-03-16,51.5499
2017-03-17,51.6082
2017-03-20,51.5001
2017-03-21,50.624
2017-03-22,50.98
2017-03-23,50.94
2017-03-24,51.14
2017-03-27,51.2174
2017-03-28,51.48
2017-03-29,51.625
2017-03-30,51.75
2017-03-31,51.6
2017-04-03,51.42
2017-04-04,51.41
2017-04-05,51.19
2017-04-06,51.38
2017-04-07,51.41
2017-04-10,51.46
2017-04-11,51.32
2017-04-12,51
2017-04-13,50.78
2017-04-17,51.03
2017-04-18,50.98
2017-04-19,51.143
2017-04-20,51.65
2017-04-21,51.54
2017-04-24,52.11
2017-04-25,52.4732
2017-04-26,52.37
2017-04-27,52.6297
2017-04-28,52.48
2017-05-01,52.7
2017-05-02,52.8
2017-05-03,52.49
2017-05-04,52.58
2017-05-05,52.8
2017-05-08,52.6
2017-05-09,52.92
2017-05-10,53.03
2017-05-11,52.95
2017-05-12,52.89
2017-05-15,53.1765
2017-05-16,53.337
2017-05-17,52.12
2017-05-18,52.5699
2017-05-19,52.91
2017-05-22,53.48
2017-05-23,53.29
2017-05-24,53.51
2017-05-25,53.97
2017-05-26,54.02
2017-05-30,54.05
2017-05-31,54.16
2017-06-01,54.63
2017-06-02,55.03
2017-06-05,54.92
2017-06-06,54.68
2017-06-07,54.85
2017-06-08,55.05
2017-06-09,53.92
2017-06-12,53.81
2017-06-13,54.17
2017-06-14,53.94
2017-06-15,53.72
2017-06-16,53.49
2017-06-19,54.3
2017-06-20,53.8032
2017-06-21,54.48
2017-06-22,54.42
2017-06-23,54.61
2017-06-26,54.5008
2017-06-27,53.5
2017-06-28,54.24
2017-06-29,53.34
2017-06-30,53.48
2017-07-03,52.96
2017-07-05,53.34
2017-07-06,52.79
2017-07-07,53.26
2017-07-10,53.52
2017-07-11,53.61
2017-07-12,54.28
2017-07-13,54.25
2017-07-14,54.62
2017-07-17,54.56
2017-07-18,54.7832
2017-07-19,55.15
2017-07-20,55.26
2017-07-21,55.25
2017-07-24,55.2599
2017-07-25,55.17
2017-07-26,55.38
2017-07-27,55.12
2017-07-28,55.1
2017-07-31,54.93
2017-08-01,54.96
2017-08-02,54.7
2017-08-03,54.54
2017-08-04,54.36
2017-08-07,54.6734
2017-08-08,54.39
2017-08-09,54.23
2017-08-10,53.02
2017-08-11,53.33
2017-08-14,53.88
2017-08-15,53.79
2017-08-16,54.01
2017-08-17,52.9
2017-08-18,52.88
2017-08-21,52.87
2017-08-22,53.67
2017-08-23,53.47
2017-08-24,53.44
2017-08-25,53.41
2017-08-28,53.51
2017-08-29,53.65
2017-08-30,54.3234
2017-08-31,54.85
2017-09-01,54.99
2017-09-05,54.5
2017-09-06,54.68
2017-09-07,54.81
2017-09-08,54.55
2017-09-11,55.15
2017-09-12,55.43
2017-09-13,55.48
2017-09-14,55.19
2017-09-15,55.39
2017-09-18,55.44
2017-09-19,55.37
2017-09-20,55.24
2017-09-21,54.98
2017-09-22,55.17
2017-09-25,54.75
2017-09-26,54.72
2017-09-27,55.2258
2017-09-28,55.129
2017-09-29,55.54
2017-10-02,55.68
2017-10-03,55.85
2017-10-04,56.07
2017-10-05,56.36
2017-10-06,56.36
2017-10-09,56.09
2017-10-10,56.161
2017-10-11,56.19
2017-10-12,56.0102
2017-10-13,56.23
2017-10-16,56.24
2017-10-17,56.29
2017-10-18,56.31
2017-10-19,56.29
2017-10-20,56.52
2017-10-23,56.2968
2017-10-24,56.25
2017-10-25,55.9584
2017-10-26,55.83
2017-10-27,56.23
2017-10-30,56
2017-10-31,56.26
2017-11-01,56.04
2017-11-02,55.85
2017-11-03,56.27
2017-11-06,56.44
2017-11-07,56.34
2017-11-08,56.5
2017-11-09,56.22
2017-11-10,56.33
2017-11-13,56.397
2017-11-14,56.35
2017-11-15,56.19
2017-11-16,57.0033
2017-11-17,57.18
2017-11-20,57.08
2017-11-21,57.488
2017-11-22,57.56
2017-11-24,57.61
2017-11-27,57.3661
2017-11-28,57.73
2017-11-29,57.1436
2017-11-30,57.5332
2017-12-01,57.28
2017-12-04,57.02
2017-12-05,56.92
2017-12-06,56.955
2017-12-07,57.24
2017-12-08,57.46
2017-12-11,57.731
2017-12-12,57.7045
2017-12-13,57.899
2017-12-14,57.74
2017-12-15,58.3066
2017-12-18,58.81
2017-12-19,58.66
2017-12-20,58.585
2017-12-21,58.4598
2017-12-22,58.39
2017-12-26,58.2332
2017-12-27,58.21
2017-12-28,58.31
2017-12-29,57.95
2018-01-02,58.9101
2018-01-03,59.558
2018-01-04,59.67
2018-01-05,60.15
2018-01-08,60.34
2018-01-09,60.35
2018-01-10,60.09
2018-01-11,60.53
2018-01-12,60.98
2018-01-16,60.8402
2018-01-17,61.46
2018-01-18,61.45
2018-01-19,61.7699
2018-01-22,62.29
2018-01-23,62.6599
2018-01-24,62.369
2018-01-25,62.2564
2018-01-26,63.15
2018-01-29,62.96
2018-01-30,62.17
2018-01-31,62.22
2018-02-01,61.88
2018-02-02,60.66
2018-02-05,58.43
2018-02-06,59.49
2018-02-07,59.0904
2018-02-08,56.6
2018-02-09,57.2886
2018-02-12,58.2699
2018-02-13,58.28
2018-02-14,59.29
2018-02-15,60.2
2018-02-16,60.11
2018-02-20,60.1
2018-02-21,59.84
2018-02-22,59.76
2018-02-23,60.9135
2018-02-26,61.4765
2018-02-27,60.85
2018-02-28,60.38
2018-03-01,59.5199
2018-03-02,60.17
2018-03-05,60.865
2018-03-06,61.31
2018-03-07,61.52
2018-03-08,61.73
2018-03-09,62.94
2018-03-12,63.2332
2018-03-13,62.4964
2018-03-14,62.34
2018-03-15,62.2648
2018-03-16,62.33
2018-03-19,61.21
2018-03-20,61.27
2018-03-21,61.23
2018-03-22,59.67
2018-03-23,58.16
2018-03-26,59.85
2018-03-27,58.31
2018-03-28,58.1898
2018-03-29,58.9813
2018-04-02,57.42
2018-04-03,57.91
2018-04-04,58.9
2018-04-05,59.079
2018-04-06,57.55
2018-04-09,57.75
2018-04-10,59.02
2018-04-11,58.57
2018-04-12,59.24
2018-04-13,58.83
2018-04-16,59.37
2018-04-17,60.229
2018-04-18,60.46
2018-04-19,59.5798
2018-04-20,58.85
2018-04-23,58.79
2018-04-24,58.06
2018-04-25,57.94
2018-04-26,58.93
2018-04-27,58.87
2018-04-30,58.48
2018-05-01,58.74
2018-05-02,58.1142
2018-05-03,57.95
2018-05-04,58.9359
2018-05-07,59.2399
2018-05-08,59.0936
2018-05-09,59.67
2018-05-10,60.25
2018-05-11,60.08
2018-05-14,60.24
2018-05-15,59.8068
2018-05-16,60.29
2018-05-17,60.18
2018-05-18,59.96
2018-05-21,60.05
2018-05-22,60.0032
2018-05-23,60.1883
2018-05-24,60.3
2018-05-25,60.3
2018-05-29,59.95
2018-05-30,60.44
2018-05-31,60
2018-06-01,60.75
2018-06-04,61.18
2018-06-05,61.2801
2018-06-06,61.85
2018-06-07,61.47
2018-06-08,61.63
2018-06-11,61.8734
2018-06-12,62.14
2018-06-13,62.23
2018-06-14,62.8236
2018-06-15,62.89
2018-06-18,62.56
2018-06-19,62.26
2018-06-20,62.59
2018-06-21,62
2018-06-22,61.87
2018-06-25,60.7634
2018-06-26,60.73
2018-06-27,59.84
2018-06-28,60.18
2018-06-29,60.55
2018-07-02,60.72
2018-07-03,60.37
2018-07-05,61.16
2018-07-06,62.06
2018-07-09,62.58
2018-07-10,62.61
2018-07-11,62.17
2018-07-12,63.09
2018-07-13,63.2
2018-07-16,62.95
2018-07-17,63.315
2018-07-18,63.33
2018-07-19,63.05
2018-07-20,62.86
2018-07-23,63.01
2018-07-24,62.76
2018-07-25,63.45
2018-07-26,63.38
2018-07-27,62.73
2018-07-30,62
2018-07-31,62.5
2018-08-01,62.18
2018-08-02,62.7164
2018-08-03,62.93
2018-08-06,63.14
2018-08-07,63.32
2018-08-08,63.2
2018-08-09,63.0699
2018-08-10,62.55
2018-08-13,62.39
2018-08-14,62.65
2018-08-15,61.86
2018-08-16,62.09
2018-08-17,62.18
2018-08-20,62.26
2018-08-21,62.77
2018-08-22,62.84
2018-08-23,62.6599
2018-08-24,63.3473
2018-08-27,63.82
2018-08-28,63.9
2018-08-29,64.28
2018-08-30,63.71
2018-08-31,63.86
2018-09-04,63.48
2018-09-05,62.8997
2018-09-06,62.5238
2018-09-07,62.306
2018-09-10,62.6898
2018-09-11,62.69
2018-09-12,62.7
2018-09-13,63.26
2018-09-14,63.25
2018-09-17,62.64
2018-09-18,63.11
2018-09-19,63.17
2018-09-20,63.73
2018-09-21,63.68
2018-09-24,63.44
2018-09-25,63.18
2018-09-26,63.3
2018-09-27,63.6
2018-09-28,63.6
2018-10-01,63.53
2018-10-02,63.3203
2018-10-03,63.37
2018-10-04,62.19
2018-10-05,61.44
2018-10-08,61.02
2018-10-09,60.9301
2018-10-10,58.79
2018-10-11,58.02
2018-10-12,59.24
2018-10-15,58.93
2018-10-16,60.5709
2018-10-17,60.5
2018-10-18,59.25
2018-10-19,58.96
2018-10-22,59.04
2018-10-23,58.7
2018-10-24,56.13
2018-10-25,57.45
2018-10-26,56.49
2018-10-29,56.02
2018-10-30,57.16
2018-10-31,58.1
2018-11-01,59.3699
2018-11-02,58.99
2018-11-05,59.07
2018-11-06,59.48
2018-11-07,60.86
2018-11-08,60.42
2018-11-09,59.55
2018-11-12,58.09
2018-11-13,58.37
2018-11-14,58.1418
2018-11-15,59.1
2018-11-16,59.13
2018-11-19,57.63
2018-11-20,56.74
2018-11-21,57.33
2018-11-23,57.3158
2018-11-26,58.23
2018-11-27,58.43
2018-11-28,59.78
2018-11-29,59.52
2018-11-30,59.91
2018-12-03,60.7192
2018-12-04,58.76
2018-12-06,58.86
2018-12-07,57.01
2018-12-10,57.46
2018-12-11,57.6
2018-12-12,58.2
2018-12-13,57.94
2018-12-14,56.78
2018-12-17,55.69
2018-12-18,55.53
2018-12-19,54.32
2018-12-20,53.61
2018-12-21,52.44
2018-12-24,51.19
2018-12-26,53.88
2018-12-27,54.31
2018-12-28,54.2
2018-12-31,54.6
2019-01-02,54.71
2019-01-03,53.33
2019-01-04,55.61
2019-01-07,56.44
2019-01-08,56.85
2019-01-09,57.46
2019-01-10,57.73
2019-01-11,57.76
2019-01-14,57.17
2019-01-15,57.86
2019-01-16,57.82
2019-01-17,58.3168
2019-01-18,59.22
2019-01-22,58.19
2019-01-23,57.99
2019-01-24,58.86
2019-01-25,59.84
2019-01-28,59.36
2019-01-29,59.03
2019-01-30,60.15
2019-01-31,60.87
2019-02-01,61.24
2019-02-04,61.57
2019-02-05,62
2019-02-06,62.03
2019-02-07,61.26
2019-02-08,61.5
2019-02-11,61.63
2019-02-12,62.58
2019-02-13,62.64
2019-02-14,62.76
2019-02-15,63.04
2019-02-19,63.1
2019-02-20,63.14
2019-02-21,62.76
2019-02-22,63.15
2019-02-25,63.37
2019-02-26,63.31
2019-02-27,63.12
2019-02-28,63.11
2019-03-01,63.5
2019-03-04,63.18
2019-03-05,63.14
2019-03-06,62.59
2019-03-07,61.93
2019-03-08,61.72
2019-03-11,62.8239
2019-03-12,63.03
2019-03-13,63.46
2019-03-14,63.29
2019-03-15,63.96
2019-03-18,63.94
2019-03-19,64.13
2019-03-20,64
2019-03-21,64.96
2019-03-22,63.46
2019-03-25,63.37
2019-03-26,63.83
2019-03-27,63.43
2019-03-28,63.68
2019-03-29,64.24
2019-04-01,65.29
2019-04-02,65.37
2019-04-03,65.9
2019-04-04,65.76
2019-04-05,66.3
2019-04-08,66.36
2019-04-09,65.91
2019-04-10,66.28
2019-04-11,66.22
2019-04-12,66.56
2019-04-15,66.4699
2019-04-16,66.56
2019-04-17,66.35
2019-04-18,66.37
2019-04-22,66.19
2019-04-23,67.0899
2019-04-24,67.06
2019-04-25,66.88
2019-04-26,67.12
2019-04-29,67.16
2019-04-30,67.4
2019-05-01,66.86
2019-05-02,66.96
2019-05-03,67.77
2019-05-06,67.3
2019-05-07,65.73
2019-05-08,65.6145
2019-05-09,65.52
2019-05-10,65.52
2019-05-13,63.3
2019-05-14,64.2505
2019-05-15,64.9
2019-05-16,65.39
2019-05-17,64.58
2019-05-20,63.56
2019-05-21,64.32
2019-05-22,63.97
2019-05-23,63
2019-05-24,62.88
2019-05-28,62.47
2019-05-29,62.01
2019-05-30,62.23
2019-05-31,61.45
2019-06-03,60.92
2019-06-04,62.77
2019-06-05,63.12
2019-06-06,63.47
2019-06-07,64.35
2019-06-10,65.04
2019-06-11,64.96
2019-06-12,64.65
2019-06-13,65.01
2019-06-14,64.57
2019-06-17,64.61
2019-06-18,65.61
2019-06-19,66.11
2019-06-20,66.7
2019-06-21,66.46
2019-06-24,66.21
2019-06-25,65.4
2019-06-26,65.77
2019-06-27,66.29
2019-06-28,66.65
2019-07-01,67.63
2019-07-02,67.61
2019-07-03,68.1371
2019-07-05,67.85
2019-07-08,67.4
2019-07-09,67.68
2019-07-10,68.11
2019-07-11,68
2019-07-12,68.52
2019-07-15,68.6
2019-07-16,68.23
2019-07-17,68.08
2019-07-18,68.43
2019-07-19,67.95
2019-07-22,68.29
2019-07-23,68.88
2019-07-24,69.62
2019-07-25,68.6719
2019-07-26,69.07
2019-07-29,68.92
2019-07-30,68.74
2019-07-31,67.74
2019-08-01,67.12
2019-08-02,66.12
2019-08-05,63.78
2019-08-06,64.55
2019-08-07,64.98
2019-08-08,66.42
2019-08-09,65.73
2019-08-12,64.78
2019-08-13,66.12
2019-08-14,64.17
2019-08-15,64.1
2019-08-16,65.1801
2019-08-19,66.14
2019-08-20,65.79
2019-08-21,66.27
2019-08-22,66.17
2019-08-23,64.13
2019-08-26,64.9
2019-08-27,64.81
2019-08-28,65.1196
2019-08-29,66.09
2019-08-30,65.92
2019-09-03,65.29
2019-09-04,66.1896
2019-09-05,67.47
2019-09-06,67.67
2019-09-09,67.58
2019-09-10,67.51
2019-09-11,68.14
2019-09-12,68.18
2019-09-13,68.16
2019-09-16,67.88
2019-09-17,68.13
2019-09-18,67.8537
2019-09-19,67.86
2019-09-20,67.41
2019-09-23,67.23
2019-09-24,66.29
2019-09-25,66.85
2019-09-26,66.8449
2019-09-27,65.76
2019-09-30,66.35
2019-10-01,65.7
2019-10-02,64.66
2019-10-03,65.3
2019-10-04,66.17
2019-10-07,65.935
2019-10-08,64.6903
2019-10-09,65.34
2019-10-10,65.9
2019-10-11,67.02
2019-10-14,67.04
2019-10-15,67.93
2019-10-16,67.6059
2019-10-17,67.7999
2019-10-18,67.26
2019-10-21,67.7044
2019-10-22,67.32
2019-10-23,67.23
2019-10-24,68.15
2019-10-25,68.59
2019-10-28,69.11
2019-10-29,69.02
2019-10-30,69.22
2019-10-31,68.7907
2019-11-01,69.57
2019-11-04,70.0841
2019-11-05,70.05
2019-11-06,69.83
2019-11-07,69.94
2019-11-08,70.21
2019-11-11,70.03
2019-11-12,70.1288
2019-11-13,70.1
2019-11-14,70.05
2019-11-15,70.5
2019-11-18,70.4814
2019-11-19,70.7143
2019-11-20,70.22
2019-11-21,70.05
2019-11-22,70.24
2019-11-25,71.165
2019-11-26,71.22
2019-11-27,71.73
2019-11-29,71.3626
2019-12-02,70.6
2019-12-03,70.09
2019-12-04,70.57
2019-12-05,70.59
2019-12-06,71.36
2019-12-09,70.99
2019-12-10,70.9884
2019-12-11,71.4634
2019-12-12,72.37
2019-12-13,72.2167
2019-12-16,72.88
2019-12-17,72.88
2019-12-18,73.06
2019-12-19,73.4
2019-12-20,73.9636
2019-12-23,73.93
2019-12-24,74.03
2019-12-26,74.1415
2019-12-27,74.09
2019-12-30,73.64
2019-12-31,73.8
2020-01-02,74.77
2020-01-03,74.11
2020-01-06,74.2
2020-01-07,74.5059
2020-01-08,74.94
2020-01-09,75.44
2020-01-10,75.31
2020-01-13,75.96
2020-01-14,75.98
2020-01-15,75.8502
2020-01-16,76.6152
2020-01-17,76.731
2020-01-21,76.44
2020-01-22,76.646
2020-01-23,76.9254
2020-01-24,76.01
2020-01-27,74.5664
2020-01-28,75.52
2020-01-29,74.99
2020-01-30,75.32
2020-01-31,73.8203
2020-02-03,74.95
2020-02-04,76.8473
2020-02-05,77.14
2020-02-06,77.6
2020-02-07,76.79
2020-02-10,77.47
2020-02-11,77.9684
2020-02-12,78.91
2020-02-13,78.86
2020-02-14,78.9679
2020-02-18,78.9857
2020-02-19,79.8828
2020-02-20,79.21
2020-02-21,77.99
2020-02-24,75.3656
2020-02-25,73.02
2020-02-26,72.9837
2020-02-27,70.0892
2020-02-28,69.78
2020-03-02,72.43
2020-03-03,70.48
2020-03-04,73.58
2020-03-05,71.47
2020-03-06,70.2
2020-03-09,65.24
2020-03-10,68.42
2020-03-11,65.3
2020-03-12,59.29
2020-03-13,63.99
2020-03-16,56.43
2020-03-17,59.99
2020-03-18,56.12
2020-03-19,57.13
2020-03-20,55.2751
2020-03-23,55.3527
2020-03-24,59.61
2020-03-25,60.36
2020-03-26,63.41
2020-03-27,61.13
2020-03-30,62.9239
2020-03-31,62.3
2020-04-01,59.55
2020-04-02,60.57
2020-04-03,59.69
2020-04-06,64.2769
2020-04-07,64.2
2020-04-08,65.82
2020-04-09,66.18
2020-04-13,66.24
2020-04-14,68.77
2020-04-15,67.6554
2020-04-16,68.78
2020-04-17,70.1057
2020-04-20,69.35
2020-04-21,66.8418
2020-04-22,68.7504
2020-04-23,68.37
2020-04-24,69.5359
2020-04-27,70.67
2020-04-28,69.8251
2020-04-29,71.746
2020-04-30,70.55
2020-05-01,68.43
2020-05-04,69.06
2020-05-05,69.93
2020-05-06,70.27
2020-05-07,71.23
2020-05-08,72.52
2020-05-11,72.85
2020-05-12,71.14
2020-05-13,69.9262
2020-05-14,70.9
2020-05-15,71.11
2020-05-18,73.3746
2020-05-19,73.1
2020-05-20,74.49
2020-05-21,73.61
2020-05-22,73.94
2020-05-26,74.58
2020-05-27,75.49
2020-05-28,75.31
2020-05-29,76.75
2020-06-01,77.01
2020-06-02,77.64
2020-06-03,78.66
2020-06-04,78.28
2020-06-05,80.0503
2020-06-08,80.88
2020-06-09,80.17
2020-06-10,80.342
2020-06-11,75.89
2020-06-12,76.83
2020-06-15,77.7476
2020-06-16,79.23
2020-06-17,79.37
2020-06-18,79.55
2020-06-19,79.51
2020-06-22,79.95
2020-06-23,80.16
2020-06-24,78.33
2020-06-25,78.83
2020-06-26,77.71
2020-06-29,78.3838
2020-06-30,79.8865
2020-07-01,80.22
2020-07-02,80.87
2020-07-06,82.2807
2020-07-07,81.6
2020-07-08,82.28
2020-07-09,82.4388
2020-07-10,82.85
2020-07-13,81.19
2020-07-14,82.138
2020-07-15,82.93
2020-07-16,82.5
2020-07-17,83.16
2020-07-20,84.46
2020-07-21,83.96
2020-07-22,84.39
2020-07-23,83.0059
2020-07-24,82.09
2020-07-27,83.58
2020-07-28,82.6825
2020-07-29,83.7
2020-07-30,83.93
2020-07-31,84.08
2020-08-03,84.98
2020-08-04,85.4667
2020-08-05,85.6
2020-08-06,85.6313
2020-08-07,85.06
2020-08-10,84.7616
2020-08-11,83.6829
2020-08-12,85.28
2020-08-13,85.2995
2020-08-14,85.06
2020-08-17,86.12
2020-08-18,86.27
2020-08-19,85.5328
2020-08-20,85.909
2020-08-21,85.925
2020-08-24,86.51
2020-08-25,87.19
2020-08-26,88.1641
2020-08-27,87.93
2020-08-28,88.77
2020-08-31,89.1088
2020-09-01,90.1135
2020-09-02,91.6
2020-09-03,87.67
2020-09-04,86.59
2020-09-08,83.43
2020-09-09,85.16
2020-09-10,83.8768
2020-09-11,83.64
2020-09-14,85.51
2020-09-15,86.3717
2020-09-16,85.74
2020-09-17,84.7
2020-09-18,83.96
2020-09-21,83.53
2020-09-22,84.64
2020-09-23,82.94
2020-09-24,82.97
2020-09-25,84.7079
2020-09-28,86.45
2020-09-29,86.03
2020-09-30,86.38
2020-10-01,87.5775
2020-10-02,85.73
2020-10-05,87.42
2020-10-06,86.33
2020-10-07,87.97
2020-10-08,88.7
2020-10-09,89.82
2020-10-12,91.59
2020-10-13,91.66
2020-10-14,90.89
2020-10-15,90.28
2020-10-16,90.35
2020-10-19,89.04
2020-10-20,89.27
2020-10-21,88.79
2020-10-22,89.24
2020-10-23,89.52
2020-10-26,87.92
2020-10-27,87.87
2020-10-28,85.17
2020-10-29,86.19
2020-10-30,84.64
2020-11-02,85.22
2020-11-03,86.98
2020-11-04,90.2
2020-11-05,92.08
2020-11-06,92.19
2020-11-09,91.75
2020-11-10,90.51
2020-11-11,92.12
2020-11-12,91.52
2020-11-13,93.13
2020-11-16,93.7982
2020-11-17,93.3
2020-11-18,92.46
2020-11-19,93.33
2020-11-20,93.11
2020-11-23,93.66
2020-11-24,94.68
2020-11-25,94.75
2020-11-27,95.87
2020-11-30,96.34
2020-12-01,97.1576
2020-12-02,97.22
2020-12-03,97.63
2020-12-04,98.6591
2020-12-07,98.68
2020-12-08,99.24
2020-12-09,97.4
2020-12-10,97.68
2020-12-11,97.32
2020-12-14,98.15
2020-12-15,99.26
2020-12-16,99.63
2020-12-17,100.5
2020-12-18,100.75
2020-12-21,100.02
2020-12-22,100.12
2020-12-23,99.78
2020-12-24,99.94
2020-12-28,99.88
2020-12-29,99.95
2020-12-30,100.55
2020-12-31,100.87
2021-01-04,99.52
2021-01-05,100.41
2021-01-06,100.0172
2021-01-07,102.14
2021-01-08,103.26
2021-01-11,102.44
2021-01-12,102.5
2021-01-13,102.59
2021-01-14,102.6103
2021-01-15,101.98
2021-01-19,103.36
2021-01-20,104.58
2021-01-21,104.61
2021-01-22,104.01
2021-01-25,104.54
2021-01-26,103.97
2021-01-27,100.81
2021-01-28,102.02
2021-01-29,100.45
2021-02-01,102.64
2021-02-02,104.45
2021-02-03,103.19
2021-02-04,104.82
2021-02-05,105.51
2021-02-08,106.2239
2021-02-09,106.56
2021-02-10,106.73
2021-02-11,107.77
2021-02-12,108.6
2021-02-16,108.2
2021-02-17,107.57
2021-02-18,107.12
2021-02-19,107.52
2021-02-22,105.0299
2021-02-23,104.53
2021-02-24,105.28
2021-02-25,101.58
2021-02-26,101.93
2021-03-01,104.55
2021-03-02,102.96
2021-03-03,100.11
2021-03-04,97.77
2021-03-05,99.77
2021-03-08,97.37
2021-03-09,100.775
2021-03-10,100.43
2021-03-11,102.78
2021-03-12,102.04
2021-03-15,103.475
2021-03-16,103.82
2021-03-17,103.95
2021-03-18,101.1
2021-03-19,101.78
2021-03-22,103.33
2021-03-23,102.26
2021-03-24,100.58
2021-03-25,100.51
2021-03-26,102.8
2021-03-29,102.32
2021-03-30,101.87
2021-03-31,103.27
2021-04-01,105.09
2021-04-05,106.38
2021-04-06,106.44
2021-04-07,105.79
2021-04-08,106.85
2021-04-09,107.01
2021-04-12,106.84
2021-04-13,107.63
2021-04-14,106.83
2021-04-15,108.53
2021-04-16,108.53
2021-04-19,107.17
2021-04-20,106.44
2021-04-21,107.82
2021-04-22,106.98
2021-04-23,108.34
2021-04-26,108.97
2021-04-27,108.54
2021-04-28,108.06
2021-04-29,108.14
2021-04-30,107
2021-05-03,106.7
2021-05-04,105.03
2021-05-05,104.44
2021-05-06,104.86
2021-05-07,105.97
2021-05-10,103.72
2021-05-11,103.86
2021-05-12,101.31
2021-05-13,101.95
2021-05-14,104.01
2021-05-17,103.15
2021-05-18,102.98
2021-05-19,103.21
2021-05-20,105.36
2021-05-21,104.95
2021-05-24,106.25
2021-05-25,106.17
2021-05-26,106.53
2021-05-27,106.37
2021-05-28,106.88
2021-06-01,106.4301
2021-06-02,106.53
2021-06-03,105.59
2021-06-04,107.38
2021-06-07,107.68
2021-06-08,107.59
2021-06-09,107.515
2021-06-10,108.78
2021-06-11,108.98
2021-06-14,109.47
2021-06-15,108.67
2021-06-16,108.09
2021-06-17,109.19
2021-06-18,108.21
2021-06-21,108.91
2021-06-22,109.69
2021-06-23,109.54
2021-06-24,110.6
2021-06-25,110.93
2021-06-28,111.8825
2021-06-29,112.43
2021-06-30,112.2
2021-07-01,111.89
2021-07-02,112.48
2021-07-06,112.16
2021-07-07,111.97
2021-07-08,111.03
2021-07-09,112.01
2021-07-12,112.16
2021-07-13,111.92
2021-07-14,111.78
2021-07-15,111.32
2021-07-16,110.64
2021-07-19,109.95
2021-07-20,111.43
2021-07-21,112.42
2021-07-22,112.82
2021-07-23,113.78
2021-07-26,113.2
2021-07-27,112.27
2021-07-28,113.24
2021-07-29,113.91
2021-07-30,114.34
2021-08-02,114.18
2021-08-03,114.68
2021-08-04,114.75
2021-08-05,115.51
2021-08-06,114.9
2021-08-09,115.19
2021-08-10,114.53
2021-08-11,114.51
2021-08-12,114.28
2021-08-13,114.56
2021-08-16,114.24
2021-08-17,113.65
2021-08-18,112.71
2021-08-19,113.12
2021-08-20,113.95
2021-08-23,115.46
2021-08-24,116.31
2021-08-25,116.61
2021-08-26,115.76
2021-08-27,116.66
2021-08-30,117.12
2021-08-31,116.98
2021-09-01,117.26
2021-09-02,117.47
2021-09-03,117.63
2021-09-07,117.15
2021-09-08,116.88
2021-09-09,116.72
2021-09-10,116.32
2021-09-13,116
2021-09-14,115.45
2021-09-15,116.28
2021-09-16,116.57
2021-09-17,115.55
2021-09-20,113.41
2021-09-21,113.5
2021-09-22,114.4
2021-09-23,115.41
2021-09-24,115.3
2021-09-27,114.57
2021-09-28,111.72
2021-09-29,111.6
2021-09-30,111.25
2021-10-01,111.56
2021-10-04,109.53
2021-10-05,110.75
2021-10-06,111.31
2021-10-07,112.5
2021-10-08,111.86
2021-10-11,110.97
2021-10-12,110.9
2021-10-13,112
2021-10-14,113.78
2021-10-15,114.11
2021-10-18,114.77
2021-10-19,115.73
2021-10-20,115.96
2021-10-21,116.78
2021-10-22,116.4
2021-10-25,117.11
2021-10-26,116.76
2021-10-27,115.57
2021-10-28,116.66
2021-10-29,117.26
2021-11-01,118.26
2021-11-02,118.44
2021-11-03,119.37
2021-11-04,120.28
2021-11-05,120.12
2021-11-08,120.16
2021-11-09,120.01
2021-11-10,118.48
2021-11-11,119.09
2021-11-12,120.2
2021-11-15,120.06
2021-11-16,120.91
2021-11-17,120.45
2021-11-18,120.39
2021-11-19,120.12
2021-11-22,118.3939
2021-11-23,118.19
2021-11-24,118.43
2021-11-26,116.47
2021-11-29,118.12
2021-11-30,115.2
2021-12-01,113.33
2021-12-02,114.93
2021-12-03,113.21
2021-12-06,114.37
2021-12-07,117.22
2021-12-08,117.58
2021-12-09,115.92
2021-12-10,116.73
2021-12-13,115.59
2021-12-14,114.72
2021-12-15,116.77
2021-12-16,114.75
2021-12-17,114.67
2021-12-20,113.34
2021-12-21,116.19
2021-12-22,117.06
2021-12-23,117.8
2021-12-27,119.13
2021-12-28,118.59
2021-12-29,118.81
2021-12-30,119.05
2021-12-31,118.47
2022-01-03,118.3
2022-01-04,116.79
2022-01-05,113.64
2022-01-06,114.13
2022-01-07,112.83
2022-01-10,112.75
2022-01-11,114.79
2022-01-12,114.67
2022-01-13,112.22
2022-01-14,112.6
2022-01-18,110.03
2022-01-19,109.29
2022-01-20,108.06
2022-01-21,105.63
2022-01-24,106.35
2022-01-25,103.63
2022-01-26,102.71
2022-01-27,101.44
2022-01-28,104.05
2022-01-31,107.72
2022-02-01,108.57
2022-02-02,108.86
2022-02-03,105.88
2022-02-04,106.54
2022-02-07,106.07
2022-02-08,107.52
2022-02-09,110.08
2022-02-10,107.96
2022-02-11,104.91
2022-02-14,104.64
2022-02-15,107.27
2022-02-16,107.04
2022-02-17,104.01
2022-02-18,102.77
2022-02-22,102.01
2022-02-23,99.84
2022-02-24,102.72
2022-02-25,104.38
2022-02-28,104.53
2022-03-01,103.19
2022-03-02,104.77
2022-03-03,103.29
2022-03-04,101.84
2022-03-07,98.36
2022-03-08,97.84
2022-03-09,101
2022-03-10,99.57
2022-03-11,97.31
2022-03-14,95.58
2022-03-15,97.98
2022-03-16,102.35
2022-03-17,103.5
2022-03-18,105.55
2022-03-21,104.58
2022-03-22,106.7
2022-03-23,104.85
2022-03-24,106.65
2022-03-25,106.1
2022-03-28,107.59
2022-03-29,109.85
2022-03-30,108.6
2022-03-31,107.28
2022-04-01,107.58
2022-04-04,109.27
2022-04-05,106.91
2022-04-06,105.41
2022-04-07,105.67
2022-04-08,104.74
2022-04-11,103.22
2022-04-12,102.66
2022-04-13,104.98
2022-04-14,102.96
2022-04-18,102.42
2022-04-19,104.74
2022-04-20,103.64
2022-04-21,101.24
2022-04-22,98.63
2022-04-25,100.07
2022-04-26,96.95
2022-04-27,96.93
2022-04-28,99.49
2022-04-29,95.95
2022-05-02,97.19
2022-05-03,97.15
2022-05-04,99.86
2022-05-05,95.22
2022-05-06,93.2
2022-05-09,89.3
2022-05-10,90.17
2022-05-11,87.97
2022-05-12,88.6
2022-05-13,92.21
2022-05-16,91.15
2022-05-17,93.18
2022-05-18,88.96
2022-05-19,89.78
2022-05-20,89.64
2022-05-23,90.56
2022-05-24,88.89
2022-05-25,90.42
2022-05-26,93.13
2022-05-27,95.92
2022-05-31,95.04
2022-06-01,94
2022-06-02,96.7
2022-06-03,94.9
2022-06-06,95.17
2022-06-07,96.305
2022-06-08,95.77
2022-06-09,93.08
2022-06-10,90.22
2022-06-13,85.83
2022-06-14,86.13
2022-06-15,87.86
2022-06-16,84.2695
2022-06-17,85.4
2022-06-21,87.33
2022-06-22,87.3
2022-06-23,89.0069
2022-06-24,91.8783
2022-06-27,91.1528
2022-06-28,88.61
2022-06-29,88.47
2022-06-30,87.33
2022-07-01,88.33
2022-07-05,89.49
2022-07-06,89.7
2022-07-07,91.66
2022-07-08,91.59
2022-07-11,89.63
2022-07-12,88.92
2022-07-13,88.7
2022-07-14,88.4644
2022-07-15,90.19
2022-07-18,89.59
2022-07-19,92.31
2022-07-20,93.95
2022-07-21,95.2
2022-07-22,93.69
2022-07-25,93.26
2022-07-26,91.77
2022-07-27,94.6
2022-07-28,95.84
2022-07-29,96.62
2022-08-01,96.69
2022-08-02,96.84
2022-08-03,99.15
2022-08-04,99.41
2022-08-05,99.21
2022-08-08,99.27
2022-08-09,97.46
2022-08-10,100.25
2022-08-11,99.6714
2022-08-12,101.495
2022-08-15,102.27
2022-08-16,101.91
2022-08-17,100.05
2022-08-18,100.29
2022-08-19,98.1
2022-08-22,95.7
2022-08-23,95.66
2022-08-24,96.23
2022-08-25,97.89
2022-08-26,94.2
2022-08-29,93.5549
2022-08-30,92.58
2022-08-31,92.2928
2022-09-01,91.7506
2022-09-02,90.5906
2022-09-06,90.06
2022-09-07,92.22
2022-09-08,93.07
2022-09-09,95.23
2022-09-12,96.15
2022-09-13,91.4
2022-09-14,92.0068
2022-09-15,90.8571
2022-09-16,90.03
2022-09-19,90.45
2022-09-20,89.37
2022-09-21,87.97
2022-09-22,86.31
2022-09-23,85.02
2022-09-26,84.39
2022-09-27,84.49
2022-09-28,86.82
2022-09-29,84.91
2022-09-30,83.69
2022-10-03,85.87
2022-10-04,88.93
2022-10-05,89.01
2022-10-06,88.1
2022-10-07,84.87
2022-10-10,83.86
2022-10-11,82.56
2022-10-12,82.48
2022-10-13,84.01
2022-10-14,81.64
2022-10-17,84.05
2022-10-18,84.77
2022-10-19,84.01
2022-10-20,83.66
2022-10-21,85.56
2022-10-24,85.97
2022-10-25,88.01
2022-10-26,87.72
2022-10-27,87.05
2022-10-28,89.44
2022-10-31,88.71
2022-11-01,88.63
2022-11-02,85.8
2022-11-03,84.68
2022-11-04,85.79
2022-11-07,86.79
2022-11-08,87.86
2022-11-09,85.94
2022-11-10,91.83
2022-11-11,93.69
2022-11-14,92.93
2022-11-15,94.63
2022-11-16,93.01
2022-11-17,92.31
2022-11-18,92.43
2022-11-21,91.92
2022-11-22,92.85
2022-11-23,93.67
2022-11-25,93.2
2022-11-28,92.07
2022-11-29,91.72
2022-11-30,95.25
2022-12-01,95.69
2022-12-02,95.39
2022-12-05,93.4
2022-12-06,91.89
2022-12-07,91.85
2022-12-08,93.37
2022-12-09,92.54
2022-12-12,93.68
2022-12-13,94.66
2022-12-14,94.08
2022-12-15,91.41
2022-12-16,90.47
2022-12-19,89.5
2022-12-20,89.62
2022-12-21,90.78
2022-12-22,88.89
2022-12-23,88.74
2022-12-27,87.84
2022-12-28,86.94
2022-12-29,88.8932
2022-12-30,88.78
2023-01-03,88.3
2023-01-04,89.69
2023-01-05,88.21
2023-01-06,90.67
2023-01-09,90.86
2023-01-10,91.69
2023-01-11,92.8
2023-01-12,93.5
2023-01-13,93.83
2023-01-17,94.09
2023-01-18,92.7
2023-01-19,91.4
2023-01-20,93.52
2023-01-23,95.63
2023-01-24,95.32
2023-01-25,95.46
2023-01-26,97
2023-01-27,97.72
2023-01-30,95.83
2023-01-31,97.2
2023-02-01,99.45
2023-02-02,101.61
2023-02-03,99.47
2023-02-06,98.66
2023-02-07,100.25
2023-02-08,98.73
2023-02-09,97.96
2023-02-10,97.52
2023-02-13,99.09
2023-02-14,99.8
2023-02-15,101.03
2023-02-16,99.21
2023-02-17,98.6
2023-02-21,96.23
2023-02-22,96.36
2023-02-23,96.76
2023-02-24,95.3
2023-02-27,96.19
2023-02-28,96.02
2023-03-01,95.34
2023-03-02,96.4588
2023-03-03,97.95
2023-03-06,97.7
2023-03-07,96.19
2023-03-08,96.79
2023-03-09,94.7
2023-03-10,93.04
2023-03-13,93.54
2023-03-14,94.98
2023-03-15,94.69
2023-03-16,96.49
2023-03-17,95.5492
2023-03-20,96.26
2023-03-21,97.4682
2023-03-22,95.57
2023-03-23,96.54
2023-03-24,96.5242
2023-03-27,96.58
2023-03-28,96.44
2023-03-29,98.26
2023-03-30,99.12
2023-03-31,100.65
2023-04-03,100.29
2023-04-04,99.81
2023-04-05,98.74
2023-04-06,98.75
2023-04-10,99.43
2023-04-11,99.49
2023-04-12,98.47
2023-04-13,99.7906
2023-04-14,99.3384
2023-04-17,99.71
2023-04-18,99.71
2023-04-19,99.4537
2023-04-20,98.93
2023-04-21,98.97
2023-04-24,98.95
2023-04-25,96.86
2023-04-26,96.13
2023-04-27,97.72
2023-04-28,98.64
2023-05-01,98.31
2023-05-02,97.14
2023-05-03,96.7968
2023-05-04,96.65
2023-05-05,98.29
2023-05-08,98.48
2023-05-09,97.792
2023-05-10,98.35
2023-05-11,98.2
2023-05-12,98.03
2023-05-15,98.9064
2023-05-16,97.97
2023-05-17,99.11
2023-05-18,100.73
2023-05-19,100.43
2023-05-22,100.93
2023-05-23,99.56
2023-05-24,98.96
2023-05-25,99.49
2023-05-26,102
2023-05-30,101.96
2023-05-31,101.58
2023-06-01,102.27
2023-06-02,103.4
2023-06-05,103.48
2023-06-06,103.71
2023-06-07,102.62
2023-06-08,103.49
2023-06-09,103.69
2023-06-12,105.03
2023-06-13,106.06
2023-06-14,106.23
2023-06-15,107.52
2023-06-16,107
2023-06-20,106.03
2023-06-21,104.99
2023-06-22,105.25
2023-06-23,103.9919
2023-06-26,103.82
2023-06-27,105.46
2023-06-28,105.64
2023-06-29,105.6
2023-06-30,106.9
2023-07-03,107.28
2023-07-05,106.93
2023-07-06,105.51
2023-07-07,105.49
2023-07-10,107.37
2023-07-11,108.23
2023-07-12,108.87
2023-07-13,110.05
2023-07-14,109.64
2023-07-17,110.93
2023-07-18,111.44
2023-07-19,111.56
2023-07-20,110.28
2023-07-21,110.6
2023-07-24,110.28
2023-07-25,110.75
2023-07-26,110.46
2023-07-27,110.05
2023-07-28,111.82
2023-07-31,112.15
2023-08-01,111.65
2023-08-02,109.28
2023-08-03,109.1
2023-08-04,108.45
2023-08-07,109.37
2023-08-08,108.26
2023-08-09,107.7
2023-08-10,107.92
2023-08-11,107.14
2023-08-14,107.95
2023-08-15,106.61
2023-08-16,105.54
2023-08-17,104.35
2023-08-18,104.42
2023-08-21,105.54
2023-08-22,105.47
2023-08-23,106.71
2023-08-24,104.34
2023-08-25,105.29
2023-08-28,106.07
2023-08-29,108.07
2023-08-30,108.73
2023-08-31,108.66
2023-09-01,109.03
2023-09-05,108.56
2023-09-06,108.4
2023-09-07,107.66
2023-09-08,107.6
2023-09-11,108.45
2023-09-12,107.62
2023-09-13,107.51
2023-09-14,108.53
2023-09-15,106.75
2023-09-18,106.68
2023-09-19,106.32
2023-09-20,105.39
2023-09-21,103.51
2023-09-22,103.39
2023-09-25,103.63
2023-09-26,102.39
2023-09-27,102.95
2023-09-28,103.89
2023-09-29,103.99
2023-10-02,103.7
2023-10-03,101.98
2023-10-04,103.09
2023-10-05,102.48
2023-10-06,104.18
2023-10-09,104.78
2023-10-10,105.85
2023-10-11,106.07
2023-10-12,105.07
2023-10-13,104.21
2023-10-16,105.54
2023-10-17,105.54
2023-10-18,103.9
2023-10-19,102.49
2023-10-20,101.04
2023-10-23,100.82
2023-10-24,101.79
2023-10-25,99.41
2023-10-26,98.3255
2023-10-27,97.89
2023-10-30,98.19
2023-10-31,99.07
2023-11-01,100.06
2023-11-02,102.13
2023-11-03,103.89
2023-11-06,103.44
2023-11-07,104.28
2023-11-08,103.72
2023-11-09,102.81
2023-11-10,104.65
2023-11-13,104.41
2023-11-14,107.4
2023-11-15,107.72
2023-11-16,107.3
2023-11-17,107.71
2023-11-20,109.03
2023-11-21,108.36
2023-11-22,108.7
2023-11-24,109
2023-11-27,108.72
2023-11-28,108.89
2023-11-29,109.53
2023-11-30,109.61
2023-12-01,110.78
2023-12-04,110.11
2023-12-05,109.4
2023-12-06,109.24
2023-12-07,110.33
2023-12-08,110.56
2023-12-11,112.64
2023-12-12,113.22
2023-12-13,115.43
2023-12-14,116.3
2023-12-15,116.15
2023-12-18,116.41
2023-12-19,117.24
2023-12-20,115.26
2023-12-21,116.91
2023-12-22,117.04
2023-12-26,117.91
2023-12-27,118.13
2023-12-28,118.07
2023-12-29,117.45
2024-01-02,116.17
2024-01-03,114.61
2024-01-04,114.16
2024-01-05,114.29
2024-01-08,116.25
2024-01-09,116.41
2024-01-10,116.72
2024-01-11,116.7
2024-01-12,116.7
2024-01-16,116.34
2024-01-17,115.62
2024-01-18,116.95
2024-01-19,118.85
2024-01-22,119.36
2024-01-23,119.81
2024-01-24,119.71
2024-01-25,120.15
2024-01-26,119.48
2024-01-29,120.68
2024-01-30,119.93
2024-01-31,118.26
2024-02-01,119.56
2024-02-02,119.98
2024-02-05,119.5
2024-02-06,119.75
2024-02-07,120.65
2024-02-08,121.08
2024-02-09,121.59
2024-02-12,121.62
2024-02-13,119.48
2024-02-14,120.87
2024-02-15,121.89
2024-02-16,120.91
2024-02-20,120.3
2024-02-21,119.46
2024-02-22,122.21
2024-02-23,121.81
2024-02-26,122.05
2024-02-27,122.61
2024-02-28,122.05
2024-02-29,122.84
2024-03-01,124.1
2024-03-04,123.67
2024-03-05,121.79
2024-03-06,122.91
2024-03-07,124.21
2024-03-08,122.85
2024-03-11,122.91
2024-03-12,123.84
2024-03-13,122.82
2024-03-14,121.96
2024-03-15,120.92
2024-03-18,121.73
2024-03-19,122.11
2024-03-20,123.37
2024-03-21,124.06
2024-03-22,123.38
2024-03-25,123.07
2024-03-26,122.89
2024-03-27,124.02
2024-03-28,123.9
2024-04-01,123.58
2024-04-02,122.25
2024-04-03,122.31
2024-04-04,120.53
2024-04-05,121.71
2024-04-08,121.86
2024-04-09,122.64
2024-04-10,120.71
2024-04-11,121.97
2024-04-12,119.69
2024-04-15,118
2024-04-16,117.87
2024-04-17,116.7
2024-04-18,116.01
2024-04-19,115.05
2024-04-22,116.26
2024-04-23,117.8
2024-04-24,118.24
2024-04-25,118.18
2024-04-26,118.78
2024-04-29,119.36
2024-04-30,117.2
2024-05-01,116.39
2024-05-02,117.66
2024-05-03,119.08
2024-05-06,119.92
2024-05-07,119.96
2024-05-08,119.64
2024-05-09,120.18
2024-05-10,120.46
2024-05-13,120.88
2024-05-14,121.36
2024-05-15,122.82
2024-05-16,122.84
2024-05-17,122.69
2024-05-20,123.42
2024-05-21,123.3
2024-05-22,123.39
2024-05-23,122.13
2024-05-24,122.96
2024-05-28,122.01
2024-05-29,120.72
2024-05-30,120.23
2024-05-31,120.51
2024-06-03,120.33
2024-06-04,120.3
2024-06-05,122.17
2024-06-06,122.09
2024-06-07,121.72
2024-06-10,122.18
2024-06-11,122.29
2024-06-12,123.26
2024-06-13,122.74
2024-06-14,122.81
2024-06-17,124.07
2024-06-18,124.09
2024-06-20,123.68
2024-06-21,124.06
2024-06-24,123.57
2024-06-25,124.02
2024-06-26,123.49
2024-06-27,123.54
2024-06-28,123.29
2024-07-01,123.07
2024-07-02,124.11
2024-07-03,124.3
2024-07-05,125.24
2024-07-08,125.19
2024-07-09,124.78
2024-07-10,125.77
2024-07-11,125.22
2024-07-12,126.34
2024-07-15,126.56
2024-07-16,127.8
2024-07-17,125.45
2024-07-18,124.31
2024-07-19,123.26
2024-07-22,124.71
2024-07-23,123.64
2024-07-24,120.66
2024-07-25,120.11
2024-07-26,121.23
2024-07-29,121.64
2024-07-30,120.87
2024-07-31,122.89
2024-08-01,120.19
2024-08-02,117.06
2024-08-05,114.59
2024-08-06,115.37
2024-08-07,114.52
2024-08-08,117.6
2024-08-09,117.67
2024-08-12,117.37
2024-08-13,119.74
2024-08-14,119.59
2024-08-15,122.34
2024-08-16,122.84
2024-08-19,124.22
2024-08-20,123.63
2024-08-21,124.66
2024-08-22,123.06
2024-08-23,124.49
2024-08-26,123.51
2024-08-27,123.63
2024-08-28,122.59
2024-08-29,122.89
2024-08-30,124.37
2024-09-03,121.4
2024-09-04,120.75
2024-09-05,120.37
2024-09-06,118.24
2024-09-09,119.45
2024-09-10,120.03
2024-09-11,121.46
2024-09-12,122.03
2024-09-13,123.01
2024-09-16,123.1
2024-09-17,122.99
2024-09-18,122.43
2024-09-19,124.87
2024-09-20,124.08
2024-09-23,124.47
2024-09-24,124.82
2024-09-25,124.3
2024-09-26,125.74
2024-09-27,125.67
2024-09-30,125.45
2024-10-01,124.09
2024-10-02,124.4
2024-10-03,124.03
2024-10-04,125.42
2024-10-07,124.45
2024-10-08,125.53
2024-10-09,126.55
2024-10-10,126.71
2024-10-11,127.77
2024-10-14,128.72
2024-10-15,126.64
2024-10-16,126.93
2024-10-17,126.58
2024-10-18,127.11
2024-10-21,126.77
2024-10-22,126.32
2024-10-23,125.08
2024-10-24,125.48
2024-10-25,126.22
2024-10-28,126.4
2024-10-29,127.28
2024-10-30,125.64
2024-10-31,123.69
2024-11-01,124.67
2024-11-04,124.75
2024-11-05,125.98
2024-11-06,129.01
2024-11-07,130.69
2024-11-08,130.4
2024-11-11,130.81
2024-11-12,130.38
2024-11-13,130.4
2024-11-14,129.38
2024-11-15,126.19
2024-11-18,127.18
2024-11-19,127.29
2024-11-20,127.84
2024-11-21,129.71
2024-11-22,130.64
2024-11-25,132
2024-11-26,131.51
2024-11-27,130.8
2024-11-29,131.51
2024-12-02,132.42
2024-12-03,132.09
2024-12-04,133.68
2024-12-05,132.19
2024-12-06,133.3
2024-12-09,132.05
2024-12-10,131.01
2024-12-11,132.15
2024-12-12,131.78
2024-12-13,131.12
2024-12-16,131.6
2024-12-17,131.02
2024-12-18,126.21
2024-12-19,125.05
2024-12-20,126.44
2024-12-23,126.75
2024-12-24,128.205
2024-12-26,128.23
2024-12-27,127.09
2024-12-30,125.39
2024-12-31,124.96
2025-01-02,124.96
2025-01-03,126.88
2025-01-06,127.79
2025-01-07,126.63
2025-01-08,126.55
2025-01-10,124.78
2025-01-13,124.55
2025-01-14,125.38
2025-01-15,127.3
2025-01-16,127.73
2025-01-17,129.35
2025-01-21,130.29
2025-01-22,131.39
2025-01-23,131.32
2025-01-24,130.72
2025-01-27,129.04
2025-01-28,129.31
2025-01-29,129.75
2025-01-30,130.83
2025-01-31,130.92
2025-02-03,130.61
2025-02-04,131.09
2025-02-05,132.58
2025-02-06,132.93
2025-02-07,131.89
2025-02-10,133.17
2025-02-11,132.66
2025-02-12,132.66
2025-02-13,134.25
2025-02-14,134.79
2025-02-18,136.105
2025-02-19,136
2025-02-20,135.21
2025-02-21,132.5425
2025-02-24,131.39
2025-02-25,130.34
2025-02-26,130.2
2025-02-27,127.65
2025-02-28,129.08
2025-03-03,127.33
2025-03-04,126.7
2025-03-05,128.18
2025-03-06,124.99
2025-03-07,126.01
2025-03-10,122.22
2025-03-11,121.34
2025-03-12,121.69
2025-03-13,119.84
2025-03-14,122.58
2025-03-17,124.51
2025-03-18,123.26
2025-03-19,124.17
2025-03-20,123.84
2025-03-21,123.61
2025-03-24,126.16
2025-03-25,126.26
2025-03-26,125.21
2025-03-27,123.86
2025-03-28,121.13
2025-03-31,120.93
2025-04-01,121.75
2025-04-02,122.62
2025-04-03,116.66
2025-04-04,109.09
2025-04-07,109.17
2025-04-08,106.81
2025-04-09,118.41
2025-04-10,113.55
2025-04-11,115.21
2025-04-14,116.35
2025-04-15,116.45
2025-04-16,114.01
2025-04-17,114.57
2025-04-21,112.16
2025-04-22,114.82
2025-04-23,116.7
2025-04-24,120
2025-04-25,120.7
2025-04-28,120.81
2025-04-29,121.51
2025-04-30,121.62
2025-05-01,122.05
2025-05-02,124.4
2025-05-05,124.16
2025-05-06,122.86
2025-05-07,123.77
2025-05-08,125.03
2025-05-09,125.33
2025-05-12,129.765
2025-05-13,131.1
2025-05-14,130.91
2025-05-15,131.53
2025-05-16,132.37
2025-05-19,132.6
2025-05-20,132.31
2025-05-21,130.02
2025-05-22,129.88
2025-05-23,128.67
2025-05-27,131.18
2025-05-28,130.46
2025-05-29,130.19
2025-05-30,130.11
2025-06-02,130.86
2025-06-03,132.2
2025-06-04,132.54
2025-06-05,131.82
2025-06-06,132.9
2025-06-09,133.09
2025-06-10,134.06
2025-06-11,133.84
2025-06-12,133.9
2025-06-13,131.85
2025-06-16,133.63
2025-06-17,132.19
2025-06-18,132
2025-06-20,131.46
2025-06-23,132.75
2025-06-24,135.09
2025-06-25,134.33
2025-06-26,135.21
2025-06-27,135.5
2025-06-30,136.49
2025-07-01,136.54
2025-07-02,136.88
2025-07-03,138.44
2025-07-07,137.06
2025-07-08,137.96
2025-07-09,138.07
2025-07-10,137.64
2025-07-11,136.67
2025-07-14,137.43
2025-07-15,136.31
2025-07-16,136.56
2025-07-17,137.7621
2025-07-18,137.64
2025-07-21,138.1008
2025-07-22,138.849
2025-07-23,139.254
2025-07-24,139.08
2025-07-25,139.57
2025-07-28,139.34
2025-07-29,139.32
2025-07-30,138.91
2025-07-31,136.48
2025-08-01,134.42
2025-08-04,136.76
2025-08-05,135.49
2025-08-06,136.1845
2025-08-07,135.77
2025-08-08,135.58
2025-08-11,134.834
2025-08-12,136.6521
2025-08-13,137.8362
2025-08-14,136.82
2025-08-15,136.45
2025-08-18,136.71
2025-08-19,135.91
2025-08-20,135.7
2025-08-21,134.97
2025-08-22,137.25
2025-08-25,136.16
2025-08-26,136.18
2025-08-27,136.81
2025-08-28,137.13
2025-08-29,136
2025-09-02,135.15
2025-09-03,134.903
2025-09-04,135.9611
2025-09-05,136.09
2025-09-08,136.5391
2025-09-09,136.77
2025-09-10,135.69
2025-09-11,137.6
2025-09-12,137.38
2025-09-15,137.87
2025-09-16,137.9
2025-09-17,138.41
2025-09-18,140.05
2025-09-19,140.1
2025-09-22,140.7225
2025-09-23,140.2947
2025-09-24,140.0219
2025-09-25,139.17
2025-09-26,140.37
2025-09-29,141.2554
2025-09-30,141.11
2025-10-01,141.88
2025-10-02,142.82
2025-10-03,142.79
2025-10-06,143.37
2025-10-07,142.31
2025-10-08,143.8545
2025-10-09,142.97
2025-10-10,138.52
2025-10-13,140.69
2025-10-14,140.97
2025-10-15,141.44
2025-10-16,140.63
2025-10-17,141.53
2025-10-20,143.44
2025-10-21,144.2
2025-10-22,142.78
2025-10-23,143.9188
2025-10-24,144.5105
2025-10-27,146.2438
2025-10-28,145.794
2025-10-29,144.2916
2025-10-30,143.3654
2025-10-31,144.0648
2025-11-03,143.79
2025-11-04,141.3279
2025-11-05,142.7147
2025-11-06,140.3245
2025-11-07,140.3186
2025-11-10,142.008
2025-11-11,141.9782
2025-11-12,142.0588
2025-11-13,140.05
2025-11-14,139.7085
2025-11-17,138.12
2025-11-18,137.6275
2025-11-19,137.5684
2025-11-20,134.5367
2025-11-21,136.6539
2025-11-24,138.27
2025-11-25,139.7603
2025-11-26,140.6778
2025-11-28,141.9063
2025-12-01,141.268
2025-12-02,142.785
2025-12-03,144.3296
2025-12-04,143.7538
2025-12-05,144.5525
2025-12-08,143.69
2025-12-09,143.6746
2025-12-10,144.99
2025-12-11,144.99
2025-12-12,143.1392
2025-12-15,142.93
2025-12-16,142.6243
2025-12-17,140.7966
2025-12-18,142.1763
2025-12-19,143.1715
2025-12-22,144.27
2025-12-23,144.02
2025-12-24,144.36
2025-12-26,144.54
2025-12-29,143.9307
2025-12-30,143.3852
2025-12-31,142.1292
2026-01-02,141.3369
2026-01-05,142.7646
2026-01-06,145.69
2026-01-07,145.7455
2026-01-08,143.5556
2026-01-09,144.2157
2026-01-12,144.0046
2026-01-13,142.7804
2026-01-14,140.9977
2026-01-15,141.1068
2026-01-16,140.8226
2026-01-20,138.5713
2026-01-21,140.7762
2026-01-22,142.2561
2026-01-23,142.5082
2026-01-26,143.8361
2026-01-27,144.3378
2026-01-28,143.8661
2026-01-29,142.083
2026-01-30,139.0872
2026-02-02,139.606
2026-02-03,135.3964
2026-02-04,133.4463
2026-02-05,131
2026-02-06,134.506
2026-02-09,135.06
2026-02-10,134.21
2026-02-11,133.97
2026-02-12,131
2026-02-13,132.4332
2026-02-17,132.24
2026-02-18,133.7569
2026-02-19,132.8
2026-02-20,133.12
2026-02-23,130.22
2026-02-24,131.9216
2026-02-25,134.4691
2026-02-26,134.6045
2026-02-27,134.1065
2026-03-02,133.9648
2026-03-03,132.7561
2026-03-04,134.87
2026-03-05,134.86
2026-03-06,133.2482
2026-03-09,134.6783
2026-03-10,133.6
2026-03-11,133.11
2026-03-12,130.37
2026-03-13,129.9592
2026-03-16,131.7431
2026-03-17,132.9983
2026-03-18,131.317
2026-03-19,131.55
2026-03-20,129.53
2026-03-23,131.055
2026-03-24,128.3288
2026-03-25,128.7198
2026-03-26,126.8783
2026-03-27,123.276
2026-03-30,123.0504
2026-03-31,126.9735
2026-04-01,127.62
2026-04-02,127.5795
2026-04-06,128.4639
2026-04-07,128.145
2026-04-08,130.87
2026-04-09,128.8325
2026-04-10,127.2915
2026-04-13,130.55
2026-04-14,132.22
2026-04-15,134.68
2026-04-16,135.1034
2026-04-17,136.68
2026-04-20,137.3078
2026-04-21,136.85
2026-04-22,139.0534
2026-04-23,136.4543
2026-04-24,138.62
2026-04-27,138.04
2026-04-28,136.3
2026-04-29,136.67
2026-04-30,137.39
2026-05-01,139.03
2026-05-04,139.1749
2026-05-05,140.1738
2026-05-06,141.8557
2026-05-07,143.9321
2026-05-08,145.0364
2026-05-11,144.44
2026-05-12,143.66
2026-05-13,144.1
2026-05-14,145.1
2026-05-15,144.374
2026-05-18,144.9312
2026-05-19,144.49
2026-05-20,147.74
2026-05-21,148.759
2026-05-22,150.55
2026-05-26,152.54
2026-05-27,150.43
2026-05-28,152.68
2026-05-29,156.1368
2026-06-01,161.8498
2026-06-02,160.6265
2026-06-03,159.37
2026-06-04,158.47
2026-06-05,151.93
2026-06-08,153.1
2026-06-09,151.37
2026-06-10,148.61
2026-06-11,152.765
2026-06-12,153.81
2026-06-15,158.12
2026-06-16,155.666
2026-06-17,154.57
2026-06-18,156.8158
2026-06-22,156.38
2026-06-23,152.96
2026-06-24,153.2987
2026-06-25,154.52
2026-06-26,154.4376
2026-06-29,158.08
2026-06-30,159.6
2026-07-01,159.16
2026-07-02,157.61
2026-07-06,159.63
2026-07-07,158.02
2026-07-08,156.98
2026-07-09,159.41
2026-07-10,159.09
2026-07-13,156.97
2026-07-14,157.44
2026-07-15,156.81
2026-07-16,156.17
2026-07-17,153.54
2026-07-20,153.9976
2026-07-21,155.4612
2026-07-22,153.19
2026-07-23,151.6823
2026-07-24,151.03
2026-07-27,152.46
2026-07-28,153.12
2026-07-29,152.08
2026-07-30,153.9
2026-07-31,155.32
2026-08-03,157.32
2026-08-04,162.234
2026-08-05,161.3784
2026-08-06,159.22
2026-08-07,161.99
2026-08-10,162.96
2026-08-11,163.31
2026-08-12,163.52
2026-08-13,167.03
2026-08-14,166.3
2026-08-17,164.82
2026-08-18,163.54
2026-08-19,163.9855
2026-08-20,163.1529
2026-08-21,164.42
2026-08-24,163.09
2026-08-25,164
2026-08-26,164.1395
2026-08-27,166.55
2026-08-28,165.5434
2026-08-31,165.12
2026-09-01,162.02
2026-09-02,161.69
2026-09-03,162.49
2026-09-04,161.36
2026-09-08,159.11
2026-09-09,158.29
2026-09-10,156.6521
2026-09-11,157.295
2026-09-14,157.5179
2026-09-15,155.7
2026-09-16,155.9888
2026-09-17,157.4139
2026-09-18,157.72
2026-09-21,162.6925
2026-09-22,164.9395
2026-09-23,163.7
2026-09-24,162.5646
2026-09-25,163.8103
2026-09-28,161.77
2026-09-29,162.85
2026-09-30,162.73
2026-10-01,163.27
2026-10-02,163.66
2026-10-05,165.61
2026-10-06,165.74
2026-10-07,164.5919
2026-10-08,162.8709
2026-10-09,163.87
