date,advancers,unchanged,decliners
2025-10-06,239.0000,0.0000,264.0000
2025-10-07,202.0000,2.0000,299.0000
2025-10-08,264.0000,2.0000,237.0000
2025-10-09,120.0000,1.0000,382.0000
2025-10-10,77.0000,1.0000,425.0000
2025-10-13,356.0000,3.0000,144.0000
2025-10-14,389.0000,1.0000,113.0000
2025-10-15,247.0000,3.0000,253.0000
2025-10-16,135.0000,1.0000,367.0000
2025-10-17,362.0000,1.0000,140.0000
2025-10-20,414.0000,4.0000,85.0000
2025-10-21,299.0000,2.0000,202.0000
2025-10-22,198.0000,2.0000,303.0000
2025-10-23,283.0000,2.0000,217.0000
2025-10-24,257.0000,4.0000,241.0000
2025-10-27,323.0000,2.0000,177.0000
2025-10-28,104.0000,1.0000,398.0000
2025-10-29,124.0000,1.0000,378.0000
2025-10-30,235.0000,2.0000,266.0000
2025-11-04,220.0000,1.0000,282.0000
2025-11-05,308.0000,4.0000,191.0000
2025-11-06,162.0000,0.0000,341.0000
2025-11-07,389.0000,2.0000,112.0000
2025-11-10,313.0000,2.0000,188.0000
2025-11-11,344.0000,2.0000,157.0000
2025-11-12,296.0000,2.0000,205.0000
2025-11-13,130.0000,2.0000,371.0000
2025-11-14,182.0000,6.0000,315.0000
2025-11-17,93.0000,0.0000,410.0000
2025-11-18,250.0000,0.0000,253.0000
2025-11-19,194.0000,5.0000,304.0000
2025-11-20,150.0000,1.0000,352.0000
2025-11-21,447.0000,1.0000,55.0000
2025-11-24,259.0000,3.0000,241.0000
2025-11-25,426.0000,3.0000,74.0000
2025-11-26,360.0000,1.0000,142.0000
2025-11-28,378.0000,1.0000,124.0000
2025-12-01,135.0000,1.0000,367.0000
2025-12-02,216.0000,1.0000,286.0000
2025-12-03,337.0000,1.0000,165.0000
2025-12-04,252.0000,2.0000,249.0000
2025-12-05,258.0000,1.0000,244.0000
2025-12-08,157.0000,1.0000,345.0000
2025-12-09,216.0000,1.0000,286.0000
2025-12-10,389.0000,1.0000,113.0000
2025-12-11,367.0000,4.0000,132.0000
2025-12-12,221.0000,1.0000,281.0000
2025-12-15,281.0000,4.0000,218.0000
2025-12-16,133.0000,2.0000,368.0000
2025-12-17,257.0000,2.0000,244.0000
2025-12-18,266.0000,3.0000,234.0000
2025-12-19,283.0000,2.0000,218.0000
2025-12-22,391.0000,0.0000,112.0000
2025-12-23,217.0000,0.0000,286.0000
2025-12-24,389.0000,3.0000,111.0000
2025-12-26,264.0000,9.0000,230.0000
2025-12-29,206.0000,7.0000,290.0000
2025-12-30,192.0000,4.0000,307.0000
2025-12-31,17.0000,2.0000,484.0000
2026-01-02,327.0000,1.0000,175.0000
2026-01-05,340.0000,2.0000,161.0000
2026-01-06,380.0000,0.0000,123.0000
2026-01-07,114.0000,0.0000,389.0000
2026-01-08,356.0000,0.0000,147.0000
2026-01-09,281.0000,2.0000,220.0000
2026-01-12,248.0000,1.0000,254.0000
2026-01-13,263.0000,0.0000,240.0000
2026-01-14,318.0000,1.0000,184.0000
2026-01-15,310.0000,1.0000,192.0000
2026-01-16,227.0000,0.0000,276.0000
2026-01-20,100.0000,2.0000,401.0000
2026-01-21,414.0000,0.0000,89.0000
2026-01-22,285.0000,3.0000,215.0000
2026-01-23,184.0000,1.0000,318.0000
2026-01-26,317.0000,1.0000,185.0000
2026-01-27,234.0000,0.0000,269.0000
2026-01-28,190.0000,0.0000,313.0000
2026-01-29,287.0000,4.0000,212.0000
2026-01-30,246.0000,1.0000,256.0000
2026-02-02,291.0000,0.0000,212.0000
2026-02-03,272.0000,1.0000,230.0000
2026-02-04,363.0000,0.0000,139.0000
2026-02-05,181.0000,1.0000,320.0000
2026-02-06,401.0000,0.0000,102.0000
2026-02-09,264.0000,2.0000,237.0000
2026-02-10,301.0000,2.0000,200.0000
2026-02-11,285.0000,0.0000,218.0000
2026-02-12,160.0000,0.0000,343.0000
2026-02-13,367.0000,0.0000,136.0000
2026-02-17,241.0000,1.0000,261.0000
2026-02-18,317.0000,1.0000,185.0000
2026-02-19,203.0000,4.0000,296.0000
2026-02-20,334.0000,0.0000,169.0000
2026-02-23,167.0000,0.0000,336.0000
2026-02-24,356.0000,2.0000,145.0000
2026-02-25,258.0000,1.0000,244.0000
2026-02-26,349.0000,3.0000,151.0000
2026-02-27,278.0000,0.0000,225.0000
2026-03-02,240.0000,2.0000,261.0000
2026-03-03,135.0000,1.0000,367.0000
2026-03-04,284.0000,2.0000,217.0000
2026-03-05,137.0000,1.0000,365.0000
2026-03-06,145.0000,1.0000,357.0000
2026-03-09,254.0000,0.0000,249.0000
2026-03-10,147.0000,0.0000,356.0000
2026-03-11,170.0000,2.0000,331.0000
2026-03-12,111.0000,1.0000,391.0000
2026-03-13,257.0000,3.0000,243.0000
2026-03-16,377.0000,1.0000,125.0000
2026-03-17,314.0000,4.0000,185.0000
2026-03-18,81.0000,0.0000,422.0000
2026-03-19,212.0000,0.0000,291.0000
2026-03-20,114.0000,0.0000,389.0000
2026-03-23,382.0000,1.0000,120.0000
2026-03-24,286.0000,0.0000,217.0000
2026-03-25,322.0000,1.0000,180.0000
2026-03-26,186.0000,1.0000,316.0000
2026-03-27,109.0000,3.0000,391.0000
2026-03-30,273.0000,2.0000,228.0000
2026-03-31,418.0000,1.0000,84.0000
2026-04-01,301.0000,0.0000,202.0000
2026-04-02,301.0000,2.0000,200.0000
2026-04-06,323.0000,3.0000,177.0000
2026-04-07,207.0000,1.0000,295.0000
2026-04-08,422.0000,0.0000,81.0000
2026-04-09,293.0000,1.0000,209.0000
2026-04-10,137.0000,1.0000,365.0000
2026-04-13,357.0000,1.0000,145.0000
2026-04-14,287.0000,4.0000,212.0000
2026-04-15,223.0000,2.0000,278.0000
2026-04-16,300.0000,1.0000,202.0000
2026-04-17,395.0000,2.0000,106.0000
2026-04-20,276.0000,2.0000,225.0000
2026-04-21,166.0000,0.0000,337.0000
2026-04-22,218.0000,1.0000,284.0000
2026-04-23,272.0000,1.0000,230.0000
2026-04-24,177.0000,1.0000,325.0000
2026-04-27,227.0000,2.0000,274.0000
2026-04-28,232.0000,1.0000,270.0000
2026-04-29,168.0000,1.0000,334.0000
2026-04-30,379.0000,5.0000,119.0000
2026-05-01,173.0000,2.0000,328.0000
2026-05-04,153.0000,3.0000,347.0000
2026-05-05,320.0000,0.0000,183.0000
2026-05-06,319.0000,1.0000,183.0000
2026-05-07,175.0000,1.0000,327.0000
2026-05-08,207.0000,1.0000,295.0000
2026-05-11,215.0000,0.0000,288.0000
2026-05-12,259.0000,1.0000,243.0000
2026-05-13,173.0000,2.0000,328.0000
2026-05-14,297.0000,1.0000,205.0000
2026-05-15,141.0000,2.0000,360.0000
2026-05-18,359.0000,2.0000,142.0000
2026-05-19,185.0000,1.0000,317.0000
2026-05-20,349.0000,2.0000,152.0000
2026-05-21,287.0000,4.0000,212.0000
2026-05-22,352.0000,1.0000,150.0000
2026-05-26,248.0000,1.0000,254.0000
2026-05-27,236.0000,4.0000,263.0000
2026-05-28,239.0000,1.0000,263.0000
2026-05-29,194.0000,0.0000,309.0000
2026-06-01,208.0000,0.0000,295.0000
2026-06-02,258.0000,1.0000,244.0000
2026-06-03,200.0000,3.0000,300.0000
2026-06-04,362.0000,1.0000,140.0000
2026-06-05,237.0000,0.0000,266.0000
2026-06-08,181.0000,1.0000,321.0000
2026-06-09,371.0000,1.0000,131.0000
2026-06-10,174.0000,1.0000,328.0000
2026-06-11,320.0000,2.0000,181.0000
2026-06-12,397.0000,0.0000,106.0000
2026-06-15,256.0000,1.0000,246.0000
2026-06-16,273.0000,0.0000,230.0000
2026-06-17,72.0000,1.0000,430.0000
2026-06-18,264.0000,1.0000,238.0000
2026-06-22,267.0000,1.0000,235.0000
2026-06-23,285.0000,1.0000,217.0000
2026-06-24,321.0000,2.0000,180.0000
2026-06-25,304.0000,1.0000,198.0000
2026-06-26,323.0000,2.0000,178.0000
2026-06-29,229.0000,1.0000,273.0000
2026-06-30,211.0000,1.0000,291.0000
2026-07-01,299.0000,0.0000,204.0000
2026-07-07,284.0000,1.0000,218.0000
2026-07-08,112.0000,0.0000,391.0000
2026-07-09,301.0000,0.0000,202.0000
2026-07-10,338.0000,2.0000,163.0000
2026-07-13,273.0000,0.0000,230.0000
2026-07-14,203.0000,3.0000,297.0000
2026-07-15,257.0000,0.0000,246.0000
2026-07-16,370.0000,1.0000,132.0000
2026-07-17,147.0000,0.0000,356.0000
2026-07-20,164.0000,1.0000,338.0000
2026-07-21,229.0000,3.0000,271.0000
2026-07-22,246.0000,4.0000,253.0000
2026-07-23,213.0000,0.0000,290.0000
2026-07-24,363.0000,0.0000,140.0000
2026-07-27,328.0000,0.0000,175.0000
2026-07-28,357.0000,1.0000,145.0000
2026-07-29,182.0000,0.0000,321.0000
2026-07-30,197.0000,2.0000,304.0000
2026-07-31,221.0000,1.0000,281.0000
2026-08-03,340.0000,0.0000,163.0000
2026-08-04,360.0000,3.0000,140.0000
2026-08-05,245.0000,0.0000,258.0000
2026-08-06,202.0000,2.0000,299.0000
2026-08-07,321.0000,2.0000,180.0000
2026-08-10,230.0000,3.0000,270.0000
2026-08-11,275.0000,2.0000,226.0000
2026-08-12,261.0000,1.0000,241.0000
2026-08-13,319.0000,1.0000,183.0000
2026-08-14,250.0000,8.0000,245.0000
2026-08-17,132.0000,2.0000,369.0000
2026-08-18,225.0000,3.0000,275.0000
2026-08-19,285.0000,1.0000,217.0000
2026-08-20,157.0000,4.0000,342.0000
2026-08-21,332.0000,2.0000,169.0000
2026-08-24,304.0000,3.0000,196.0000
2026-08-25,207.0000,2.0000,294.0000
2026-08-26,283.0000,2.0000,218.0000
2026-08-27,152.0000,2.0000,349.0000
2026-08-28,229.0000,1.0000,273.0000
2026-08-31,136.0000,5.0000,362.0000
2026-09-01,158.0000,3.0000,342.0000
2026-09-02,301.0000,1.0000,201.0000
2026-09-03,340.0000,2.0000,161.0000
2026-09-04,175.0000,1.0000,327.0000
2026-09-08,146.0000,1.0000,356.0000
2026-09-09,98.0000,0.0000,405.0000
2026-09-10,167.0000,4.0000,332.0000
2026-09-11,337.0000,0.0000,166.0000
2026-09-17,295.0000,3.0000,205.0000
2026-09-18,156.0000,1.0000,346.0000
2026-09-21,291.0000,2.0000,210.0000
2026-09-22,249.0000,1.0000,253.0000
2026-09-23,170.0000,1.0000,332.0000
2026-09-24,176.0000,1.0000,326.0000
2026-09-25,329.0000,2.0000,172.0000
2026-09-28,164.0000,4.0000,335.0000
2026-09-29,197.0000,5.0000,301.0000
2026-09-30,114.0000,0.0000,389.0000
2026-10-01,296.0000,3.0000,204.0000
2026-10-02,293.0000,3.0000,208.0000
